,04-Jan-2016
The Nifty witnessed an intraday movement of about 156.45 points.The closing index was 2.16 % down as compared to the previous closing index.

, Traded Value (Rs. In Crores), 17179.35
, Traded Quantity (in Lakhs), 11940.71
, Number of Trades, 7498588
, Total Market Capitalisation (Rs. Crores), 9724199.47

,INDEX,PREVIOUS CLOSE,OPEN,HIGH,LOW,CLOSE,GAIN/LOSS
,Nifty 50,      7963.20,      7924.55,      7937.55,      7781.10,      7791.30,-171.9
,Nifty IT,     11174.85,     11144.00,     11160.95,     11004.65,     11029.25,-145.6
,Nifty Next 50,     20169.45,     20125.25,     20263.70,     19891.75,     19956.85,-212.6
,Nifty Bank,     17039.25,     16966.35,     16966.35,     16575.45,     16599.15,-440.1
,Nifty Midcap 100,     13540.45,     13536.80,     13631.45,     13367.95,     13429.40,-111.05
,Nifty 500,      6753.65,      6729.50,      6748.40,      6622.50,      6630.80,-122.85
,Nifty 100,      8118.15,      8082.35,      8101.55,      7948.60,      7957.90,-160.25
,Nifty Midcap 50,      3472.10,      3475.00,      3498.90,      3398.75,      3425.25,-46.85
,Nifty Realty,       175.85,       175.70,       178.05,       171.90,       172.40,-3.45
,Nifty Infra,      2792.95,      2782.25,      2800.85,      2720.70,      2725.85,-67.1
,Nifty Energy,      8594.70,      8532.95,      8623.10,      8427.50,      8468.60,-126.1
,Nifty FMCG,     20184.95,     20112.00,     20145.75,     19981.50,     20087.80,-97.15
,Nifty MNC,      9600.75,      9586.45,      9625.50,      9511.40,      9520.80,-79.95
,Nifty Pharma,     11979.85,     11945.30,     11983.85,     11709.20,     11733.70,-246.15
,Nifty PSE,      3151.05,      3138.25,      3172.25,      3101.60,      3110.50,-40.55
,Nifty PSU Bank,      2908.45,      2896.65,      2896.65,      2802.45,      2806.65,-101.8
,Nifty Serv Sector,     10324.25,     10276.05,     10278.00,     10058.90,     10072.75,-251.5
,India VIX,14.2600,14.2600,17.1025,14.0300,16.8350,2.5750
,Nifty Auto,      8328.30,      8306.30,      8340.35,      8131.10,      8142.85,-185.45
,Nifty Metal,      1830.30,      1819.65,      1850.95,      1794.10,      1804.90,-25.4
,Nifty Media,      2627.45,      2618.65,      2630.40,      2562.95,      2572.30,-55.15
,Nifty Small 100,      5716.55,      5711.25,      5758.15,      5608.90,      5648.60,-67.95
,Nifty 200,      4218.95,      4202.40,      4214.25,      4133.30,      4138.20,-80.75
,Nifty Div Opps 50,      1918.70,      1911.55,      1921.75,      1892.25,      1894.90,-23.8
,Nifty Commodities,      2448.70,      2435.75,      2460.10,      2403.20,      2415.45,-33.25
,Nifty Consumption,      3612.50,      3596.15,      3605.35,      3556.55,      3562.60,-49.9
,Nifty Fin Service,      7091.45,      7058.25,      7058.25,      6901.95,      6909.30,-182.15
,Nifty50 Div Point,        95.23,        95.23,        95.23,        95.23,        95.23,0
,Nifty100 Liq 15,      3107.80,      3090.80,      3094.55,      3014.75,      3020.00,-87.8
,Nifty CPSE,      2097.70,      2091.90,      2108.90,      2055.95,      2063.05,-34.65
,Nifty GrowSect 15,      5181.55,      5161.30,      5174.45,      5109.45,      5116.05,-65.5
,Nifty50 PR 2x Lev,      3077.90,      3046.60,      3056.25,      2936.05,      2943.55,-134.35
,Nifty50 PR 1x Inv,       492.20,       494.80,       503.65,       494.05,       503.05,10.85
,Nifty50 TR 2x Lev,      3598.70,      3562.05,      3573.35,      3432.80,      3441.60,-157.1
,Nifty50 TR 1x Inv,       455.10,       457.55,       465.70,       456.85,       465.15,10.05
,Nifty50 Value 20,      3580.10,      3559.70,      3570.55,      3503.05,      3508.70,-71.4

,ADVANCES,533
,DECLINES,1063
,UNCHANGED,26

,Total securities that have hit their price bands today,152

,TOP 25 Securities Today :
,SYMBOL,SERIES,PREV. CLOSE,CLOSE PRICE,%VAR, VALUE(Rs Crs)
,JETAIRWAYS,EQ,       760.75,       732.95,-3.65,761.18
,RELIANCE,EQ,      1015.35,       995.30,-1.97,688.91
,RELINFRA,EQ,       591.75,       599.95,1.39,671.3
,INDIGO,EQ,      1343.45,      1262.10,-6.06,340.16
,SBIN,EQ,       227.80,       220.70,-3.12,313.97
,TATAMOTORS,EQ,       401.90,       377.05,-6.18,300.19
,AXISBANK,EQ,       449.90,       438.40,-2.56,258.5
,HDFC,EQ,      1258.45,      1216.70,-3.32,244.94
,LT,EQ,      1289.20,      1255.95,-2.58,233.67
,TCS,EQ,      2416.40,      2369.60,-1.94,222.72
,ICICIBANK,EQ,       263.00,       255.55,-2.83,220.22
,WOCKPHARMA,EQ,      1603.75,      1578.40,-1.58,217.82
,INFY,EQ,      1105.25,      1078.90,-2.38,216.22
,RELCAPITAL,EQ,       463.25,       451.70,-2.49,210.78
,ALKEM,EQ,      1503.10,      1530.15,1.8,208.45
,IRB,EQ,       244.90,       257.85,5.29,205.2
,RCOM,EQ,        90.60,        84.65,-6.57,193.13
,SUNPHARMA,EQ,       815.55,       799.10,-2.02,192.06
,MARUTI,EQ,      4638.50,      4580.65,-1.25,186.74
,YESBANK,EQ,       732.45,       705.75,-3.65,180.45
,TATASTEEL,EQ,       257.40,       256.90,-0.19,180.17
,AUROPHARMA,EQ,       881.40,       844.30,-4.21,179.02
,JAICORPLTD,EQ,        78.15,        90.05,15.23,166.6
,EICHERMOT,EQ,     17370.85,     17495.30,0.72,162.45
,ASHOKLEY,EQ,        88.80,        92.00,3.6,160.23

,Top Five Nifty 50 Gainers:
,SYMBOL,SERIES,CLOSE PRICE,PREV.CLOSE,%CHANGE
,HINDUNILVR,EQ,       859.00,       856.55,.29
,ASIANPAINT,EQ,       880.80,       878.75,.23
,WIPRO,EQ,       557.70,       556.45,.22
,HCLTECH,EQ,       845.95,       845.85,.01

,Top Five Nifty 50 Losers:
,SYMBOL,SERIES,CLOSE PRICE,PREV.CLOSE,%CHANGE
,TATAMOTORS,EQ,       377.05,       401.90,-6.18
,IDEA,EQ,       135.60,       143.20,-5.31
,BANKBARODA,EQ,       151.20,       159.05,-4.94
,HINDALCO,EQ,        80.75,        84.90,-4.89
,PNB,EQ,       112.80,       117.60,-4.08

,Securities Price Volume Data in Normal market
,SYMBOL,SERIES,CLOSE PRICE,TRADED VALUE ,TRADED QUANTITY
,20MICRONS,EQ,        35.90,                  9428181.10,258669
,3IINFOTECH,EQ,         5.20,                 20506575.05,3927327
,3MINDIA,EQ,     10935.80,                 10941595.25,1002
,8KMILES,EQ,      2381.95,                367856864.60,156925
,A2ZINFRA,EQ,        26.40,                 11987110.00,442434
,AARTIDRUGS,EQ,       588.85,                 10512262.85,17920
,AARTIIND,EQ,       520.80,                 18376478.10,35267
,AARVEEDEN,EQ,        63.35,                   245667.55,3958
,ABAN,EQ,       229.85,                617750110.40,2662618
,ABB,EQ,      1120.15,                 64094874.70,57148
,ABBOTINDIA,EQ,      5930.90,                 12521068.65,2110
,ABCIL,EQ,       231.00,                  1894782.35,8172
,ABGSHIP,EQ,        72.50,                 39768811.60,544973
,ABIRLANUVO,EQ,      2159.90,                312629874.45,144168
,ACCELYA,EQ,       941.05,                  2195465.20,2344
,ACE,EQ,        46.45,                 14875029.10,319336
,ACROPETAL,EQ,         3.65,                   383160.30,109544
,ADANIENT,EQ,        85.10,                451084026.60,5126957
,ADANIPOWER,EQ,        32.70,                509316848.60,15329003
,ADANITRANS,EQ,        38.65,                221377920.60,5640439
,ADFFOODS,EQ,        92.25,                  9595306.75,103111
,ADHUNIK,EQ,        14.95,                  2112358.60,140265
,ADI,EQ,       249.10,                  1494811.75,5972
,ADLABS,EQ,       132.45,                 10540800.40,78018
,ADORWELD,EQ,       314.35,                  3516706.25,11002
,ADSL,EQ,        62.35,                115082840.00,1899747
,ADVANIHOTR,EQ,        55.95,                   635415.65,11342
,ADVANTA,EQ,       439.75,                  6627108.35,15008
,AEGISCHEM,EQ,       105.80,                 12035012.70,113907
,AFL,EQ,        86.20,                  4391194.60,49680
,AGARIND,EQ,       187.30,                  6504121.35,34854
,AGCNET,EQ,        92.50,                   795411.30,8454
,AGRITECH,EQ,         7.70,                     1540.00,200
,AGRODUTCH,EQ,         3.90,                   150374.90,36325
,AHLEAST,EQ,       167.50,                   357511.50,2164
,AHLUCONT,EQ,       285.60,                 13213861.50,46180
,AHLWEST,EQ,       125.80,                    18705.80,144
,AIAENG,EQ,       885.80,                 35682067.35,40185
,AICHAMP,BE,        37.15,                   177049.00,5034
,AIFL,EQ,       285.85,                 26560300.00,91494
,AIL,EQ,       689.80,                 18869580.30,27279
,AJANTPHARM,EQ,      1327.50,                163060376.70,122950
,AJMERA,EQ,       174.95,                 25964658.40,147343
,AKSHOPTFBR,EQ,        18.80,                107557493.05,5605491
,AKZOINDIA,EQ,      1378.20,                  5582218.10,4048
,ALANKIT,EQ,        60.10,                 61987911.00,972329
,ALBK,EQ,        68.15,                107841711.00,1570762
,ALCHEM,EQ,        31.85,                  1815059.75,57271
,ALEMBICLTD,EQ,        46.75,                 31322575.30,656947
,ALICON,EQ,       357.95,                  1944946.15,5395
,ALKALI,EQ,        62.00,                   363695.65,5811
,ALKEM,EQ,      1530.15,               2084510788.65,1350429
,ALKYLAMINE,EQ,       346.60,                  2785353.85,7872
,ALLCARGO,EQ,       197.50,                 18895971.45,95225
,ALLSEC,EQ,       140.60,                 10421221.70,72239
,ALMONDZ,EQ,        14.10,                   284717.45,19989
,ALOKTEXT,EQ,         6.25,                 28503953.40,4539026
,ALPA,BE,        75.50,                  4051913.65,54318
,ALPHAGEO,EQ,       564.15,                  6164729.05,10774
,ALPSINDUS,EQ,         6.70,                   605546.40,90600
,ALSTOMT&D,EQ,       459.35,                 12742347.00,27410
,AMARAJABAT,EQ,       870.60,                239473243.05,274274
,AMBIKCO,EQ,       919.10,                  6532452.70,7026
,AMDIND,EQ,        35.30,                 11009348.80,318054
,AMRUTANJAN,EQ,       476.20,                  3482127.90,7252
,AMTEKAUTO,EQ,        48.90,                115206144.10,2333460
,AMTL,EQ,        34.40,                   518459.05,15081
,ANANDAMRUB,EQ,        27.75,                    36751.20,1332
,ANANTRAJ,EQ,        43.60,                 80345304.80,1805473
,ANDHRABANK,EQ,        63.80,                 72718661.05,1125334
,ANDHRACEMT,EQ,         8.95,                  7728384.15,870663
,ANDHRSUGAR,EQ,       143.35,                  8570124.20,59541
,ANGIND,EQ,        51.10,                 17620495.00,340024
,ANIKINDS,BE,        30.30,                    10588.00,350
,ANKITMETAL,EQ,         1.95,                   253127.65,126766
,ANSALAPI,EQ,        24.30,                 12510373.05,509620
,ANSALHSG,EQ,        28.55,                  1475019.55,51546
,ANTGRAPHIC,BE,          .70,                   249086.60,356294
,APARINDS,EQ,       518.10,                  7560668.95,14694
,APCOTEXIND,EQ,       230.20,                  2523995.75,10823
,APLAPOLLO,EQ,       753.35,                 30390233.60,40177
,APLLTD,EQ,       684.20,                 35184641.20,51148
,APOLLOTYRE,EQ,       155.75,                347358167.75,2203740
,APTECHT,EQ,        67.30,                 30530575.80,448978
,ARCHIDPLY,EQ,        58.95,                  4263481.65,71397
,ARCHIES,EQ,        29.65,                  7915470.70,263695
,ARCOTECH,EQ,       346.75,                 36375193.25,104767
,ARIES,EQ,        98.70,                  2354069.25,23600
,ARIHANT,EQ,        54.00,                    57811.35,1069
,AROGRANITE,EQ,        62.45,                  1941140.60,30452
,ARROWCOAT,EQ,       802.05,                  3665787.60,4552
,ARROWTEX,EQ,        32.70,                  2472813.90,76228
,ARSHIYA,EQ,        42.90,                  4038646.05,94574
,ARSSINFRA,EQ,        54.40,                 52485493.25,986447
,ARVIND,EQ,       347.10,                363983582.00,1044344
,ARVINDREM,BZ,         5.60,                   278629.30,50290
,ARVINFRA,BE,        93.65,                  9902901.95,106652
,ASAHIINDIA,EQ,       162.35,                  4757900.35,29216
,ASAHISONG,EQ,       157.20,                  3857645.60,24041
,ASAL,EQ,        43.95,                   251550.80,5469
,ASHAPURMIN,EQ,        92.00,                 72495710.70,760628
,ASHIANA,EQ,       163.75,                  5431007.25,32997
,ASHIMASYN,EQ,        20.10,                  7808740.15,388900
,ASHOKA,EQ,       194.40,                 18775616.90,95114
,ASIANHOTNR,EQ,       131.00,                   713228.85,5326
,ASIANTILES,EQ,       177.40,                 10756639.15,60151
,ASSAMCO,EQ,         7.35,                 68206742.55,9577070
,ASTEC,EQ,       248.50,                 14534750.00,57467
,ASTRAL,EQ,       428.40,                 19866039.65,46351
,ASTRAMICRO,EQ,       137.35,                 67115061.20,481939
,ASTRAZEN,EQ,      1257.50,                 41751474.75,33313
,ATFL,EQ,       540.00,                 28115137.85,52131
,ATLANTA,EQ,        39.90,                  6919293.45,169156
,ATLASCYCLE,EQ,       213.50,                  2616981.25,12223
,ATUL,EQ,      1698.50,                114151245.70,66284
,ATULAUTO,EQ,       550.90,                 22987118.40,41212
,AURIONPRO,EQ,       208.25,                  6086397.80,29124
,AUSOMENT,EQ,        26.40,                    54478.35,2086
,AUSTRAL,EQ,          .40,                    50062.25,114363
,AUTOAXLES,EQ,       701.20,                   693181.30,979
,AUTOIND,EQ,        54.85,                  7447783.95,135313
,AUTOLITIND,EQ,        70.95,                 17597424.70,236711
,AVANTIFEED,EQ,       413.90,                 27509738.80,65500
,AVTNPL,EQ,        36.50,                  3715984.25,100935
,AXISCADES,EQ,       327.45,                 30492740.85,91426
,AXISGOLD,EQ,      2255.40,                   155799.10,69
,BAFNAPHARM,EQ,        47.00,                 21204758.30,446034
,BAGFILMS,EQ,         4.05,                   546142.50,134850
,BAJAJCORP,EQ,       430.60,                 33923956.75,78659
,BAJAJELEC,EQ,       207.30,                 29192121.05,139896
,BAJAJHIND,EQ,        18.95,                 82656062.25,4379443
,BAJFINANCE,EQ,      6052.45,                246285288.30,40720
,BALAJITELE,EQ,       135.15,                 41833734.95,307641
,BALAMINES,EQ,       158.05,                  5580389.35,35108
,BALKRISIND,EQ,       652.05,                  6062151.95,9294
,BALLARPUR,EQ,        19.95,                 47027813.30,2306257
,BALMLAWRIE,EQ,       621.05,                 24210915.05,38432
,BALPHARMA,EQ,       121.20,                 16440961.10,133343
,BALRAMCHIN,EQ,        73.95,                297926888.10,4035576
,BANARBEADS,EQ,        49.35,                    29592.15,605
,BANARISUG,EQ,      1107.30,                  3223812.25,2908
,BANCOINDIA,EQ,       144.05,                 16449438.70,112984
,BANG,BE,        21.05,                     5955.00,275
,BANKBEES,EQ,      1672.95,                 11378609.47,6767
,BANSWRAS,EQ,       124.30,                   753182.65,6025
,BARTRONICS,EQ,        13.50,                  5920328.15,436138
,BASF,EQ,       931.35,                 13970891.05,15052
,BASML,EQ,       250.25,                   253413.65,1016
,BATAINDIA,EQ,       509.45,                 92438257.00,180961
,BAYERCROP,EQ,      3406.55,                 19949540.75,5885
,BBL,EQ,       849.60,                 12791356.05,14979
,BBTC,EQ,       482.95,                 12995464.90,26667
,BEARDSELL,BE,       123.90,                     9540.30,77
,BEDMUTHA,EQ,        17.05,                    91723.95,5302
,BEL,EQ,      1370.05,                606959607.85,437703
,BEML,EQ,      1276.00,                398793052.40,308812
,BEPL,EQ,        25.00,                 11651528.25,466808
,BERGEPAINT,EQ,       263.45,                172525517.30,654152
,BFINVEST,EQ,       147.25,                 14400328.40,94894
,BFUTILITIE,EQ,       684.65,               1018312324.90,1456126
,BGLOBAL,BE,         5.25,                    61827.00,11983
,BGRENERGY,EQ,       130.25,                 36853749.50,281795
,BHAGYNAGAR,EQ,        21.50,                  1072291.65,49804
,BHARATGEAR,EQ,        91.70,                  1283173.30,13865
,BHARATRAS,EQ,      1099.10,                  1413961.75,1272
,BHARTISHIP,BE,        30.95,                  1263634.45,40891
,BHUSANSTL,EQ,        43.70,                  8626729.45,195534
,BIL,EQ,       533.90,                  7381312.55,14073
,BILPOWER,EQ,         1.35,                     6381.45,4727
,BINANIIND,EQ,        78.55,                  2384743.65,30379
,BINDALAGRO,EQ,        37.15,                   938972.05,25013
,BIOCON,EQ,       534.20,                666801720.40,1267540
,BIRLACORPN,EQ,       452.35,                  1576999.15,3455
,BIRLACOT,EQ,          .05,                   199871.70,3997434
,BIRLAERIC,BE,        53.40,                   161219.45,2995
,BIRLAMONEY,EQ,        31.05,                  1662153.85,52348
,BLBLIMITED,EQ,         4.80,                   112093.10,23445
,BLISSGVS,EQ,       177.75,                 41320069.10,230628
,BLKASHYAP,EQ,        22.80,                 23481470.75,989575
,BLUEBLENDS,EQ,        45.70,                       45.70,1
,BLUECHIP,EQ,          .45,                    10653.30,23051
,BLUEDART,EQ,      6735.40,                 16597865.60,2461
,BLUESTARCO,EQ,       379.05,                  6375101.30,16820
,BLUESTINFO,EQ,       247.40,                  2498918.80,10084
,BODALCHEM,EQ,        55.00,                 26137141.80,469964
,BOMDYEING,EQ,        64.70,                 85288140.50,1308357
,BPL,EQ,        39.45,                  8138846.80,204603
,BRFL,EQ,       187.45,                  7576128.10,40724
,BRIGADE,EQ,       154.95,                  3713657.55,24023
,BROADCAST,EQ,         3.65,                     3854.40,1056
,BROOKS,EQ,        99.45,                 48625548.55,502369
,BSELINFRA,EQ,         3.60,                  2837400.90,838010
,BSL,EQ,        87.15,                  7491363.70,86125
,BSLGOLDETF,EQ,      2417.60,                     4835.20,2
,BSLIMITED,EQ,        28.70,                  9855192.40,338137
,BSLNIFTY,EQ,        89.44,                   134946.64,1484
,BURNPUR,EQ,        10.00,                  6317363.20,645978
,BUTTERFLY,EQ,       274.55,                 64431345.50,235689
,BVCL,EQ,        17.75,                   112016.65,6286
,BYKE,EQ,       157.55,                 14630752.85,93067
,CADILAHC,EQ,       320.80,               1565036468.85,4827927
,CAMLINFINE,EQ,       106.90,                 47077553.85,435517
,CANDC,EQ,        14.55,                   623835.90,42458
,CANFINHOME,EQ,      1071.65,                 25758958.20,23941
,CANTABIL,EQ,        60.40,                   404759.90,6754
,CAPF,EQ,       416.35,                 61616593.35,147096
,CAPLIPOINT,EQ,      1319.95,                 25915197.25,19438
,CARBORUNIV,EQ,       184.05,                  5000756.00,27068
,CAREERP,EQ,       135.05,                  2893834.65,21002
,CARERATING,EQ,      1305.25,                 14758027.20,11194
,CASTEXTECH,EQ,        14.05,                 50165651.00,3580291
,CASTROLIND,EQ,       440.35,                138583426.95,314680
,CCCL,EQ,         5.95,                   318598.25,52780
,CCHHL,EQ,        15.10,                  3924924.20,260980
,CCL,EQ,       214.45,                 19287126.40,88389
,CEATLTD,EQ,      1068.50,                555477536.55,516775
,CEBBCO,EQ,        24.15,                  4573437.85,185109
,CELEBRITY,EQ,        15.00,                   242933.50,15898
,CELESTIAL,EQ,        36.55,                  5104236.85,139557
,CENTENKA,EQ,       197.10,                 17870146.35,88400
,CENTEXT,EQ,         3.65,                  1478537.10,410587
,CENTRALBK,EQ,        70.00,                  5568091.65,79168
,CENTUM,EQ,       629.60,                  3212556.95,5090
,CENTURYPLY,EQ,       172.40,                 44230219.85,255787
,CENTURYTEX,EQ,       589.90,                865323344.75,1433026
,CERA,EQ,      1983.90,                  6256121.45,3144
,CEREBRAINT,EQ,        21.80,                 22804975.15,1048790
,CESC,EQ,       522.55,                247674377.50,473789
,CGCL,EQ,       179.50,                  1241860.50,6958
,CHAMBLFERT,EQ,        62.05,                 21777283.35,350078
,CHEMFALKAL,EQ,       101.05,                  1757182.55,17250
,CHENNPETRO,EQ,       200.55,                 91458772.60,453593
,CHOLAFIN,EQ,       640.40,                  7979014.20,12459
,CHROMATIC,EQ,         4.05,                  2185074.50,540000
,CIGNITITEC,EQ,       453.95,                 24778509.55,54484
,CIMMCO,EQ,        85.45,                  1246110.30,14551
,CINELINE,EQ,        24.00,                  2140475.95,88677
,CINEVISTA,EQ,         5.60,                   204968.80,35818
,CLNINDIA,EQ,       766.10,                 11004108.35,14317
,CMAHENDRA,BZ,         1.30,                   171502.00,133495
,CNOVAPETRO,EQ,        32.70,                     9012.10,277
,COFFEEDAY,EQ,       280.45,                 45819916.25,162531
,COMPUSOFT,EQ,        11.95,                  1090036.55,89014
,CONSOFINVT,EQ,        75.75,                  1100328.05,14623
,CORDSCABLE,EQ,        61.60,                 25610717.80,408847
,COREEDUTEC,BZ,         2.85,                   125026.30,44148
,COROMANDEL,EQ,       188.90,                 11675244.90,61656
,CORPBANK,EQ,        42.60,                 11205837.50,263216
,COSMOFILMS,EQ,       285.65,                156912862.40,549782
,COUNCODOS,EQ,         8.70,                   527663.70,60651
,COX&KINGS,EQ,       238.15,                 46435378.00,193868
,CPSEETF,EQ,        21.33,                  2699321.82,125191
,CREATIVEYE,EQ,         4.90,                    97921.00,19568
,CREST,EQ,        53.70,                   241146.90,4627
,CRISIL,EQ,      1961.70,                  7730985.85,3962
,CROMPGREAV,EQ,       189.95,                209658427.65,1096669
,CTE,BE,       151.10,                  3623226.90,23979
,CUB,EQ,        92.00,                 13852745.60,151239
,CURATECH,EQ,         8.55,                    21300.00,2500
,CYBERTECH,EQ,        56.25,                  1191727.85,21124
,CYIENT,EQ,       494.25,                 10805126.45,21855
,DAAWAT,EQ,       260.60,                  3163967.60,12139
,DALMIABHA,EQ,       831.85,                 14105771.40,16858
,DALMIASUG,EQ,        65.25,                  5362961.60,81837
,DATAMATICS,EQ,        69.05,                 13719039.70,195340
,DBCORP,EQ,       325.25,                  1724626.10,5277
,DBREALTY,EQ,        57.70,                 35774622.25,620025
,DBSTOCKBRO,EQ,        24.35,                   167955.40,6879
,DCBBANK,EQ,        79.95,                 67355255.70,834823
,DCM,EQ,        96.75,                  6998623.50,71744
,DCMSHRIRAM,EQ,       139.85,                 15665585.05,111364
,DCW,EQ,        26.55,                 48798355.80,1813693
,DECCANCE,EQ,       736.25,                 11316732.15,15333
,DEEPAKFERT,EQ,       159.85,                 11640982.50,72685
,DEEPAKNTR,EQ,        74.60,                  4700509.70,63442
,DEEPIND,EQ,       175.25,                 18723179.00,103696
,DELTACORP,EQ,        83.00,                440786533.80,5356605
,DELTAMAGNT,EQ,        30.40,                      152.00,5
,DEN,EQ,       109.20,                  8085596.50,73362
,DENABANK,EQ,        40.75,                 10520062.80,257731
,DENORA,EQ,       443.25,                 95676126.25,220164
,DHAMPURSUG,EQ,        72.10,                 48241271.55,671718
,DHANBANK,EQ,        22.30,                  8997394.10,403762
,DHANUKA,EQ,       521.15,                  6144512.35,12001
,DHARSUGAR,EQ,        22.95,                   174792.30,7567
,DHFL,EQ,       230.15,                155503783.40,670737
,DHUNINV,EQ,       151.70,                   350122.35,2327
,DIAPOWER,EQ,        43.45,                  3384199.55,77065
,DICIND,EQ,       699.60,                  9964736.60,14129
,DIGJAM,EQ,        15.60,                 18092359.05,1183329
,DISHMAN,EQ,       331.35,                154517788.10,467484
,DISHTV,EQ,       100.55,                236250511.30,2342920
,DLF,EQ,       118.40,               1360940560.70,11343369
,DLINKINDIA,EQ,       174.05,                  4674222.00,26520
,DOLPHINOFF,EQ,       133.40,                 53826186.70,398553
,DONEAR,EQ,        36.35,                 22475934.00,620798
,DPL,EQ,        82.35,                   938454.25,11455
,DPSCLTD,EQ,        11.70,                    65639.85,5525
,DQE,EQ,        39.05,                 28417098.05,749602
,DREDGECORP,EQ,       386.95,                 22700090.80,58497
,DSKULKARNI,EQ,       110.70,                  1388540.75,12574
,DSSL,EQ,        14.30,                    81495.70,5699
,DTIL,EQ,       319.65,                  1651278.35,5140
,DUNCANSLTD,BE,        16.90,                    13094.80,790
,DWARKESH,BE,       106.50,                  4708309.95,44676
,DYNAMATECH,EQ,      2399.90,                 29392174.30,12266
,DYNATECH,EQ,        17.05,                  1781678.30,100846
,EASTSILK,EQ,         3.75,                   459847.45,119476
,EASUNREYRL,EQ,        50.10,                  4880882.65,96834
,ECEIND,EQ,       149.20,                   353389.45,2387
,ECLERX,EQ,      1400.95,                 23522244.60,16656
,ECLFINANCE,N5,      1077.92,                   495964.90,460
,ECLFINANCE,N2,      1260.16,                  1514601.00,1200
,ECLFINANCE,N9,      1076.00,                    10760.00,10
,ECLFINANCE,N1,      1036.99,                    41479.95,40
,ECLFINANCE,NB,      1015.00,                   363904.78,357
,EDELWEISS,EQ,        56.80,                 12181065.00,213027
,EDL,EQ,       101.10,                 33788700.35,329835
,EDUCOMP,EQ,        16.50,                 29469119.55,1762658
,EIDPARRY,EQ,       201.55,                149864051.70,745802
,EIHAHOTELS,EQ,       275.10,                  2559545.60,9217
,EIHOTEL,EQ,       130.50,                 25180282.50,192123
,EIMCOELECO,BE,       480.00,                   334677.25,676
,EKC,EQ,        20.45,                 34540470.90,1748930
,ELAND,EQ,        59.10,                 17631352.40,302028
,ELDERPHARM,BZ,        76.00,                   671032.20,8855
,ELECON,EQ,        82.30,                 14159176.60,169891
,ELECTCAST,EQ,        22.60,                 18504145.40,807481
,ELECTHERM,EQ,        50.90,                   488249.10,9583
,ELGIEQUIP,EQ,       128.45,                  3711166.85,28882
,ELGIRUBCO,EQ,        26.05,                  1410765.70,55382
,EMAMIINFRA,EQ,        40.30,                   293463.20,7257
,EMAMILTD,EQ,       995.40,                 63886315.80,64368
,EMCO,EQ,        32.80,                  9454408.80,282101
,EMKAY,EQ,        78.35,                  1247449.10,15895
,EMMBI,EQ,        84.00,                  7238037.15,85559
,ENERGYDEV,EQ,        40.05,                 21039012.75,536439
,ENGINERSIN,EQ,       241.75,                201033291.05,821876
,ENIL,EQ,       763.35,                  5910050.55,7763
,ENTEGRA,BE,         3.40,                    13054.35,3847
,EON,EQ,        78.10,                  4485723.70,56961
,ERAINFRA,BZ,         3.55,                   494677.35,136953
,EROSMEDIA,EQ,       239.30,                123985682.95,516976
,ESABINDIA,EQ,       665.65,                  1111939.10,1682
,ESCORTS,EQ,       165.40,                105539122.60,640187
,ESL,EQ,         3.90,                  5711911.10,1455406
,ESSAROIL,EQ,       258.45,                 71223613.00,275328
,ESSARSHPNG,EQ,        32.85,                 91874074.30,2978800
,ESSDEE,EQ,       256.20,                 19765584.80,76109
,ESSELPACK,EQ,       167.05,                  6562938.95,39108
,ESTER,EQ,        85.25,                 16762727.65,192823
,EUROCERA,EQ,         7.05,                  6067430.55,895604
,EUROMULTI,EQ,         2.20,                     4620.00,2100
,EUROTEXIND,EQ,        36.95,                   119379.10,3202
,EVEREADY,EQ,       301.80,                 44282223.70,146212
,EVERESTIND,EQ,       270.55,                  3973494.85,14455
,EVERONN,EQ,        32.40,                  5445844.10,164429
,EXCEL,EQ,        37.20,                 26674923.65,738860
,EXCELCROP,EQ,      1118.15,                  1716529.20,1514
,EXCELINDUS,EQ,       238.50,                  2668593.00,11162
,FACT,EQ,        24.70,                  1543404.05,61796
,FAGBEARING,EQ,      4263.30,                  4286683.00,1003
,FARMAXIND,EQ,          .25,                   971766.30,3649436
,FCEL,EQ,        25.45,                 87796011.50,3427036
,FCL,EQ,        34.90,                  5717777.10,161805
,FCSSOFT,EQ,          .55,                   582724.25,1142875
,FDC,EQ,       226.40,                  7994997.50,35072
,FEDDERLOYD,EQ,        97.75,                 16229349.55,164685
,FIEMIND,EQ,       760.75,                 18423920.05,23850
,FILATEX,EQ,        44.50,                   497795.20,11101
,FINANTECH,EQ,       124.75,                 46722331.00,372912
,FINCABLES,EQ,       250.70,                  5817656.10,23121
,FINPIPE,EQ,       301.65,                  4695696.75,15516
,FLEXITUFF,EQ,       198.25,                  4138526.15,20525
,FLFL,EQ,        86.05,                 15245790.70,178339
,FMGOETZE,EQ,       347.15,                   450738.35,1291
,FMNL,EQ,        36.70,                  2556721.65,69246
,FORTIS,EQ,       179.25,                178447621.45,988787
,FOSECOIND,EQ,      1424.15,                  8516684.05,5849
,FRL,EQ,       147.80,                 43467131.25,293505
,FRLDVR,EQ,       121.40,                   330324.85,2734
,FSL,EQ,        42.20,                 73233373.90,1716475
,GABRIEL,EQ,        95.45,                 47490530.00,497447
,GAEL,EQ,        50.10,                 13857550.45,269885
,GAL,EQ,        29.85,                   585894.30,19412
,GALLANTT,EQ,        36.80,                  2776585.75,76039
,GALLISPAT,EQ,       428.35,                  6849878.40,15980
,GAMMNINFRA,EQ,         6.85,                 14069517.20,2046226
,GAMMONIND,EQ,        19.15,                 21600073.60,1112086
,GANDHITUBE,EQ,       247.45,                    65475.75,270
,GANECOS,EQ,       149.90,                  7678408.20,50530
,GANESHHOUC,EQ,       132.70,                  8015968.65,59357
,GARDENSILK,EQ,        30.40,                  1192478.30,39121
,GARWALLROP,EQ,       417.85,                 11783610.45,27977
,GATI,EQ,       161.40,                110530997.45,675467
,GAYAPROJ,EQ,       737.65,                 19065855.60,25707
,GDL,EQ,       313.50,                 37777603.05,118922
,GEECEE,EQ,       134.40,                  2030248.25,15055
,GEINDSYS,EQ,        13.10,                   359041.10,28100
,GEMINI,EQ,         4.10,                    68371.60,16676
,GENESYS,EQ,        82.60,                   483850.05,5920
,GENUSPAPER,EQ,         5.40,                  4546150.10,822556
,GENUSPOWER,EQ,        55.40,                103122736.20,1829498
,GEOJITBNPP,EQ,        39.05,                  2444340.80,61969
,GEOMETRIC,EQ,       181.45,                 88022363.60,484184
,GESHIP,EQ,       365.90,                  7634556.40,20779
,GHCL,EQ,       131.90,                 17540588.95,132171
,GICHSGFIN,EQ,       232.80,                 33936435.45,142878
,GILLANDERS,EQ,        74.40,                  2613850.40,34238
,GILLETTE,EQ,      4635.30,                 16502800.60,3562
,GINNIFILA,EQ,        25.90,                  3828296.15,145311
,GIPCL,EQ,        84.20,                  8866233.95,105533
,GITANJALI,EQ,        41.20,                 10306176.45,247358
,GKWLIMITED,EQ,       573.10,                   453544.15,791
,GLFL,EQ,         1.40,                     3500.00,2500
,GLOBALVECT,EQ,       121.10,                 12479482.30,99094
,GLOBOFFS,EQ,       330.35,                 15915146.75,47640
,GLOBUSSPR,EQ,        77.05,                 19155320.30,244210
,GMBREW,EQ,      1033.45,                876233310.80,846905
,GMDCLTD,EQ,        86.20,                  6247229.55,72857
,GMRINFRA,EQ,        15.95,                500983871.55,31009506
,GNFC,EQ,        84.10,                 19642083.50,233737
,GOACARBON,EQ,        77.80,                  2579344.50,32479
,GOCLCORP,EQ,       153.00,                  3654191.85,24100
,GODFRYPHLP,EQ,      1359.35,                316135159.30,228164
,GODREJIND,EQ,       372.30,                 65209914.05,172650
,GODREJPROP,EQ,       334.05,                 34769656.15,103382
,GOENKA,BZ,         1.75,                     3501.85,2001
,GOKEX,EQ,        64.95,                  9935782.80,151979
,GOKUL,EQ,        20.25,                   205121.75,9957
,GOLDBEES,EQ,      2304.70,                 30311527.70,13181
,GOLDENTOBC,EQ,        47.75,                  1266992.70,26144
,GOLDIAM,EQ,        53.10,                  2057871.25,38321
,GOLDINFRA,EQ,        19.95,                  2276319.80,112623
,GOLDSHARE,EQ,      2287.85,                  7804761.00,3415
,GOLDTECH,EQ,         5.15,                    25750.00,5000
,GOODLUCK,EQ,       102.65,                  6746860.60,65802
,GPIL,EQ,        70.00,                   898483.65,12873
,GPPL,EQ,       157.35,                169511620.00,1087254
,GRANULES,EQ,       146.65,                 88257594.30,598406
,GRAPHITE,EQ,        86.45,                  9360385.05,109195
,GRAVITA,EQ,        30.45,                  3178462.80,104014
,GREAVESCOT,EQ,       142.20,                 15498241.05,107944
,GREENFIRE,EQ,         2.65,                   421576.75,161027
,GREENLAM,EQ,       604.10,                  1719753.50,2852
,GREENPLY,EQ,       985.20,                 14782064.30,14917
,GREENPOWER,EQ,        17.60,                 29533347.45,1654560
,GRINDWELL,EQ,       735.65,                   876260.15,1183
,GRPLTD,EQ,       957.40,                   447677.25,463
,GRUH,EQ,       265.10,                 26733623.20,100386
,GSCLCEMENT,EQ,        26.40,                  1097494.80,41008
,GSFC,EQ,        84.80,                503653237.70,6107626
,GSPL,EQ,       139.25,                 95690991.90,673965
,GSS,EQ,        39.65,                   472561.05,12204
,GTL,EQ,        16.35,                  5827088.45,348939
,GTLINFRA,EQ,         2.85,                  5744257.20,1983066
,GTNIND,EQ,        13.65,                    49418.55,3690
,GTNTEX,EQ,        15.10,                   347053.20,22967
,GTOFFSHORE,EQ,        52.40,                 16642641.30,313994
,GUFICBIO,EQ,        53.85,                  2975356.45,54677
,GUJALKALI,EQ,       186.50,                 13888297.75,74142
,GUJAPOLLO,EQ,       141.15,                  2654719.95,18945
,GUJFLUORO,EQ,       537.30,                 17877925.05,32893
,GUJGASLTD,EQ,       618.55,                 36971093.25,59254
,GUJNRECOKE,EQ,         3.60,                 15193898.85,4121390
,GUJNREDVR,EQ,         2.65,                   181794.35,69425
,GULFOILLUB,EQ,       513.40,                  7421728.60,14286
,GULFPETRO,EQ,        81.30,                 14886514.85,187954
,GULPOLY,EQ,       462.10,                  1597259.80,3451
,GVKPIL,EQ,         8.45,                 48466253.70,5680256
,HANUNG,EQ,        10.90,                  1419081.80,127857
,HARITASEAT,EQ,       432.50,                  6123749.80,13962
,HARRMALAYA,EQ,        60.25,                  3568252.70,58174
,HATHWAY,EQ,        43.20,                  4903779.95,112353
,HATSUN,EQ,       414.10,                   970208.60,2336
,HAVELLS,EQ,       307.20,                516855105.80,1657583
,HBLPOWER,EQ,        43.50,                 28393324.95,647435
,HBSTOCK,EQ,        10.00,                    27125.90,2696
,HCC,EQ,        25.45,                167148896.75,6431810
,HCIL,EQ,        13.95,                 15992397.35,1110761
,HCL-INSYS,EQ,        58.80,                110694726.30,1858011
,HDFC,W2,       161.00,                 56052320.00,350400
,HDFCMFGETF,EQ,      2374.00,                  1486050.40,626
,HDFCNIFETF,EQ,       782.95,                  1387197.40,1763
,HDFCSENETF,EQ,      2800.00,                    21287.00,8
,HDIL,EQ,        76.30,               1268625428.20,16283481
,HEG,EQ,       173.75,                  5754689.90,32780
,HEIDELBERG,EQ,        75.95,                 17256160.05,221514
,HELIOSMATH,BZ,        11.60,                    45820.00,3950
,HERCULES,EQ,       181.35,                  2112631.65,11726
,HERITGFOOD,EQ,       571.35,                 20626990.50,35891
,HESTERBIO,EQ,       577.30,                  5071583.05,8713
,HEXATRADEX,EQ,        20.70,                   485775.05,23680
,HEXAWARE,EQ,       236.55,                117994569.00,496739
,HFCL,EQ,        21.90,                365114033.35,16759244
,HGS,EQ,       522.40,                  3346675.50,6391
,HIKAL,EQ,       161.45,                 22833111.90,141138
,HIL,EQ,       609.60,                  5976612.95,9726
,HILTON,EQ,        21.15,                   225288.80,10389
,HIMATSEIDE,EQ,       211.20,                 70237265.60,328171
,HINDCOMPOS,EQ,      1121.00,                   111046.25,98
,HINDCOPPER,EQ,        58.60,                 11977020.45,200976
,HINDDORROL,EQ,        16.85,                  2483318.10,143913
,HINDMOTORS,EQ,         7.40,                  1656784.55,221485
,HINDNATGLS,EQ,        90.05,                 11643692.40,129959
,HINDOILEXP,EQ,        35.95,                 41238384.15,1131767
,HINDSYNTEX,EQ,        14.90,                    59806.25,4100
,HINDUJAFO,EQ,        35.90,                    18165.20,518
,HINDUJAVEN,EQ,       446.20,                  1371074.20,3081
,HINDZINC,EQ,       145.05,                105671530.35,720734
,HIRECT,EQ,        93.80,                  5022198.50,52691
,HITACHIHOM,EQ,      1332.55,                 25309787.25,18966
,HITECHGEAR,EQ,       322.85,                 27467065.10,84958
,HITECHPLAS,EQ,       188.10,                 26040523.15,138477
,HMT,EQ,        50.15,                 11209389.00,220219
,HMVL,EQ,       294.35,                  7470152.65,25225
,HNGSNGBEES,EQ,      2010.00,                    50526.00,25
,HOCL,EQ,        21.80,                 35552712.95,1737227
,HONAUT,EQ,      8941.05,                  4622678.20,517
,HONDAPOWER,EQ,      1322.90,                  2926141.75,2200
,HOTELEELA,EQ,        21.95,                 17843326.05,806095
,HOTELRUGBY,EQ,         4.30,                   322500.00,75000
,HOVS,EQ,       106.65,                  4311415.85,39219
,HSIL,EQ,       299.65,                 17339446.70,57938
,HTMEDIA,EQ,        90.35,                  8589284.00,94004
,HUBTOWN,EQ,       109.40,                   499005.15,4527
,HUDCO,N3,      1113.00,                   261515.55,235
,HUDCO,N5,      1072.00,                   536100.00,500
,HUDCO,N2,      1155.00,                    34650.00,30
,IBREALEST,EQ,        64.20,                598502386.30,9176919
,IBVENTURES,EQ,        26.00,                 17933442.10,683885
,IBWSL,EQ,         9.70,                  4191448.05,440595
,ICIL,EQ,      1071.25,                 25098667.30,23346
,ICNX100,EQ,        86.01,                    20523.41,228
,ICRA,EQ,      4356.10,                  3200717.40,732
,ICSA,EQ,         3.35,                   543706.90,155410
,IDBI,EQ,        84.85,                706117855.10,8245651
,IDBIGOLD,EQ,      2342.00,                   822932.50,351
,IDFC,EQ,        47.80,                147221053.85,3075570
,IDFCBANK,EQ,        58.95,                 82680713.60,1386464
,IDFCBANK,N3,      4555.01,                    27455.04,6
,IDFCBANK,N4,      6553.36,                   790828.65,121
,IDFCBANK,N1,      4800.00,                   263264.37,55
,IDFCBANK,N2,      6883.74,                   516568.52,75
,IFBAGRO,EQ,       467.60,                  1645919.00,3522
,IFBIND,EQ,       474.95,                  3077314.30,6504
,IFCI,EQ,        27.20,                292967916.50,10740528
,IFCI,NE,      1020.00,                     1020.00,1
,IFCI,NJ,      1050.00,                    10500.00,10
,IFGLREFRAC,EQ,       112.10,                   702185.25,6235
,IGARASHI,EQ,       646.85,                 73093552.00,112676
,IGL,EQ,       519.25,                284930699.50,545982
,IGOLD,EQ,      2375.00,                   517278.25,219
,IGPL,EQ,       127.10,                  6262016.30,49045
,IIFL,EQ,       212.55,                 12949450.40,61096
,IIFLFIN,N4,      1099.02,                   273589.82,249
,IIFLFIN,N8,      1026.94,                  1958011.85,1904
,IIFLFIN,N9,      1102.69,                    48546.05,42
,IIFLFIN,N6,      1125.00,                   231350.75,206
,IIFLFIN,N5,      1107.99,                   238212.75,215
,IIFLFIN,NA,      1078.00,                  1241306.00,1157
,IIFLFIN,NB,      1122.05,                    39271.75,35
,IIFLFIN,N7,      1523.90,                   228555.25,150
,IIHFL,N1,      1049.78,                   690660.33,658
,IIHFL,N2,      1083.31,                  1027272.10,951
,IITL,EQ,        69.70,                     6970.00,100
,IL&FSENGG,EQ,        65.70,                  6130040.05,91659
,IL&FSTRANS,EQ,        92.00,                 42829109.20,466037
,IMFA,EQ,       149.80,                  2875923.90,19101
,IMPAL,EQ,       679.05,                   811192.30,1197
,IMPEXFERRO,EQ,         1.80,                   349398.95,194026
,INDBANK,EQ,        11.05,                  5862543.60,518519
,INDHOTEL,EQ,       119.75,                 95003471.80,786763
,INDHOTEL,D1,       111.01,                  1744317.25,15774
,INDIACEM,EQ,        95.70,                307905413.90,3204607
,INDIAGLYCO,EQ,       102.40,                  4244475.30,40954
,INDIANB,EQ,       113.20,                  8036267.90,70549
,INDIANCARD,EQ,       293.60,                 11484882.00,39803
,INDIANHUME,EQ,       426.75,                  7549746.35,17654
,INDIGO,EQ,      1262.10,               3401590107.20,2601131
,INDLMETER,EQ,       112.70,                  3339602.75,29036
,INDNIPPON,EQ,       394.75,                  1339237.65,3429
,INDOCO,EQ,       311.25,                249122662.75,783602
,INDORAMA,EQ,        34.25,                  4182356.75,121267
,INDOSOLAR,EQ,        13.35,                 85846804.35,6833906
,INDOTECH,EQ,       237.80,                 30037720.10,125905
,INDOTHAI,EQ,        27.05,                   167168.05,6199
,INDOWIND,BE,         5.05,                   593595.60,118457
,INDRAMEDCO,EQ,        66.25,                 23765092.75,356830
,INDSWFTLAB,EQ,        39.55,                 15979398.95,399715
,INDSWFTLTD,BE,         5.95,                    93997.95,15789
,INDTERRAIN,EQ,       140.75,                  6267952.65,44011
,INFINITE,EQ,       229.75,                 66836039.45,284942
,INFOMEDIA,EQ,         8.10,                  3900553.30,473462
,INFRABEES,EQ,       276.34,                   231849.60,835
,INGERRAND,EQ,       804.35,                 21539506.70,26560
,INIFTY,EQ,        82.40,                   130563.24,1593
,INNOIND,BZ,         4.25,                     6475.20,1541
,INOXLEISUR,EQ,       235.90,                 17980503.25,76005
,INOXWIND,EQ,       359.60,                 33334893.10,92958
,INSECTICID,EQ,       399.15,                  8175630.90,20424
,INTEGRA,EQ,         2.50,                       62.50,25
,INTELLECT,EQ,       275.85,                146658713.35,526806
,INVENTURE,EQ,        13.50,                   158623.95,11781
,IOB,EQ,        30.65,                 33901305.70,1094702
,IOLCP,EQ,        72.85,                  5883775.65,80121
,IPAPPM,EQ,       264.50,                  6771967.80,25416
,IPCALAB,EQ,       731.95,                 49963570.50,67975
,IRB,EQ,       257.85,               2052017171.65,7899826
,IREDA,N6,      1249.50,                   228699.50,183
,IRFC,N2,      1078.85,                    10814.25,10
,IRFC,NE,      1211.00,                  1683064.65,1410
,IRFC,N5,      1000.00,                    20000.00,20
,IRFC,NI,      1003.57,                   252506.88,252
,IRFC,N1,      1070.00,                     1070.00,1
,IRFC,NA,      1161.00,                   101079.50,87
,IRFC,N9,      1118.00,                   279800.00,250
,IRFC,NK,       999.82,                  6174403.13,6173
,IRFC,NJ,       998.10,                 14111090.89,14123
,ISFT,EQ,       412.55,                 15143810.95,36107
,ISMTLTD,EQ,         9.65,                  1206599.35,124018
,ITDCEM,EQ,       107.50,                 13166042.10,121151
,ITI,EQ,        31.10,                  5434500.20,174506
,IVC,EQ,        19.30,                  3708069.15,191626
,IVP,EQ,       127.65,                  8255705.15,66271
,IVRCLINFRA,EQ,         9.50,                 28324564.55,2944731
,IZMO,EQ,        71.60,                  7645868.35,104971
,J&KBANK,EQ,        83.45,                 50516219.40,601491
,JAGRAN,EQ,       164.70,                 16221637.80,96738
,JAGSNPHARM,EQ,        53.25,                 12813709.40,242875
,JAIBALAJI,EQ,         7.70,                   252806.40,33590
,JAICORPLTD,EQ,        90.05,               1665976705.85,18715835
,JAIHINDPRO,EQ,        12.10,                   143146.35,11832
,JAMNAAUTO,EQ,       138.25,                154657609.00,1108889
,JAYAGROGN,EQ,       121.50,                  1689001.75,13552
,JAYBARMARU,EQ,       175.65,                 22194275.85,125604
,JAYNECOIND,EQ,         9.70,                  1055720.75,107300
,JAYSREETEA,EQ,        83.65,                  5607767.10,65986
,JBCHEPHARM,EQ,       280.95,                 77206032.95,273163
,JBFIND,EQ,       228.05,                 38062227.55,165113
,JBMA,EQ,       189.35,                  2952696.40,15447
,JCTEL,EQ,          .45,                    88977.00,206405
,JENSONICOL,EQ,        13.10,                  4340187.10,329486
,JETAIRWAYS,EQ,       732.95,               7611792655.75,10198949
,JHS,BE,        23.15,                   863291.45,37283
,JINDALPHOT,EQ,       170.30,                  1623526.60,9372
,JINDALPOLY,EQ,       489.55,                 28290647.50,57356
,JINDALSAW,EQ,        61.45,                 26372605.20,424892
,JINDALSTEL,EQ,        92.65,                622824532.25,6682526
,JINDCOT,EQ,        11.45,                  2746495.35,238910
,JINDRILL,EQ,       132.70,                   451116.45,3352
,JINDWORLD,EQ,       146.05,                   295228.20,2223
,JISLDVREQS,EQ,        49.00,                 40762425.60,829741
,JISLJALEQS,EQ,        74.40,               1256425736.40,16707834
,JKCEMENT,EQ,       581.80,                  7174263.15,12258
,JKIL,EQ,       368.55,                  8093711.70,21543
,JKLAKSHMI,EQ,       334.90,                  6910232.85,20742
,JKPAPER,EQ,        48.00,                 22451185.40,465233
,JKTYRE,EQ,       113.15,                244069691.45,2128554
,JMA,EQ,       189.70,                   417917.45,2203
,JMCPROJECT,EQ,       257.55,                  9784585.10,37667
,JMFINANCIL,EQ,        45.95,                 44006107.10,972323
,JMTAUTOLTD,EQ,        86.85,                 15452140.10,171928
,JOCIL,EQ,       223.20,                  4357749.45,19385
,JPASSOCIAT,EQ,        12.00,                395306630.95,32605947
,JPINFRATEC,EQ,        12.75,                 10232817.55,794292
,JPOLYINVST,EQ,       111.20,                  1752211.55,15477
,JPPOWER,EQ,         6.95,                  9213363.30,1321986
,JSL,EQ,        28.05,                  4569733.65,161268
,JSWENERGY,EQ,        85.10,                158821679.40,1847644
,JSWHL,EQ,       995.00,                  2529022.70,2546
,JSWSTEEL,P2,         7.10,                    31217.65,4428
,JUBILANT,EQ,       421.55,                175845717.60,419063
,JUBLFOOD,EQ,      1461.00,                272373135.50,184349
,JUBLINDS,EQ,       231.60,                  6730600.75,28505
,JUNIORBEES,EQ,       200.58,                  1526366.48,7575
,JUSTDIAL,EQ,       837.85,                258096240.20,307726
,JVLAGRO,EQ,        24.35,                  7314888.90,305275
,JYOTHYLAB,EQ,       307.40,                 16075809.05,50979
,JYOTISTRUC,EQ,        17.20,                  8236725.35,477274
,KABRAEXTRU,EQ,       104.00,                  1870299.15,17630
,KAJARIACER,EQ,       985.00,                 42212800.50,42725
,KAKATCEM,EQ,       149.75,                  1104636.35,7276
,KALINDEE,EQ,       150.00,                 34165434.10,226460
,KALPATPOWR,EQ,       252.35,                 13180260.40,51913
,KALYANIFRG,BE,       310.00,                   350481.15,1121
,KAMATHOTEL,EQ,        52.70,                  1945344.35,37495
,KANANIIND,EQ,        10.10,                   241081.50,23496
,KANORICHEM,EQ,        76.55,                  7234903.20,93376
,KANSAINER,EQ,       273.85,                323321982.60,1181452
,KARMAENG,EQ,        25.50,                    68414.10,2703
,KARURVYSYA,EQ,       484.70,                 43044762.10,87861
,KAUSHALYA,EQ,         5.30,                    65047.15,12026
,KAVVERITEL,EQ,        24.20,                   479911.35,19652
,KAYA,EQ,      1131.55,                 27036509.65,23700
,KCP,EQ,        81.95,                 19601490.70,236510
,KCPSUGIND,EQ,        29.00,                 23227687.05,811564
,KEC,EQ,       152.15,                 87262153.25,570610
,KECL,EQ,        42.70,                 49294171.65,1141084
,KEI,EQ,       116.20,                 55623820.30,469061
,KEMROCK,EQ,        22.75,                   185658.15,8045
,KERNEX,BE,        51.50,                  1266831.20,24401
,KESARENT,EQ,        29.40,                    29705.55,1003
,KESORAMIND,BE,       111.35,                 19705497.10,177799
,KGL,EQ,         2.20,                  2933852.70,1336758
,KHAITANELE,EQ,        41.90,                   135836.00,3418
,KHAITANLTD,BE,        10.50,                     7350.00,700
,KHANDSE,EQ,        17.25,                     3597.50,200
,KICL,EQ,      1593.30,                   512644.90,319
,KIL,EQ,        40.25,                  2845219.75,68600
,KILITCH,EQ,        54.80,                 21269297.35,399790
,KIRIINDUS,EQ,       106.90,                   655432.10,6135
,KIRLOSBROS,EQ,       168.00,                  6098045.80,35878
,KIRLOSENG,EQ,       245.65,                  2385764.30,9733
,KIRLOSIND,EQ,       659.60,                   465788.45,717
,KITEX,EQ,       708.45,                 20904670.50,29348
,KKCL,EQ,      2140.25,                   334851.50,158
,KMSUGAR,BE,         5.40,                   186789.40,34679
,KNRCON,EQ,       565.25,                  8941462.80,15656
,KOHINOOR,EQ,        52.70,                  1660809.45,31516
,KOKUYOCMLN,EQ,        98.20,                  5885717.85,59674
,KOLTEPATIL,EQ,       151.00,                  5686689.35,37357
,KOPRAN,EQ,        73.15,                 36180751.30,489732
,KOTAKBKETF,EQ,       168.39,                 10022841.80,58832
,KOTAKGOLD,EQ,       227.15,                  1393052.95,6137
,KOTAKNIFTY,EQ,       792.96,                  2273324.55,2859
,KOTAKPSUBK,EQ,       285.05,                 10056458.16,34687
,KOTARISUG,EQ,        10.45,                   893137.60,84446
,KOTHARIPET,EQ,        27.85,                  2151868.35,76407
,KOTHARIPRO,EQ,       355.40,                 22225867.50,60900
,KPIT,EQ,       169.05,                 58902500.70,348884
,KPRMILL,EQ,       874.90,                 27806867.85,31366
,KRBL,EQ,       227.65,                 19489307.10,85594
,KRIDHANINF,EQ,       120.85,                 31199734.70,258442
,KSBPUMPS,EQ,       619.00,                  2988051.10,4826
,KSCL,EQ,       367.60,               1085427170.45,2993469
,KSERASERA,BE,          .30,                   519809.90,1718060
,KSK,EQ,        51.30,                  8465159.65,165831
,KSL,EQ,       168.45,                 14077511.15,83182
,KTIL,EQ,       444.70,                  1586704.60,3623
,KTKBANK,EQ,       120.90,                102171816.70,834959
,KWALITY,EQ,       137.35,                348744145.50,2495556
,L&TFH,EQ,        64.95,                108347369.10,1656456
,L&TFINANCE,N3,      1830.00,                    36620.00,20
,L&TFINANCE,N4,      1078.00,                  1259016.50,1165
,L&TINFRA,N4,      1252.09,                  1020472.97,816
,L&TINFRA,N1,       921.52,                    46058.15,50
,L&TINFRA,N3,       916.00,                   141514.65,155
,L&TINFRA,N2,      1295.82,                  1299197.63,1004
,LAKPRE,EQ,        58.90,                   821237.15,13945
,LAKSHMIEFL,EQ,        16.75,                  3258932.00,195397
,LAKSHVILAS,EQ,       100.10,                 30171798.80,301589
,LALPATHLAB,EQ,       812.15,               1046949855.75,1288717
,LAMBODHARA,EQ,       206.75,                 50727465.40,245238
,LAOPALA,EQ,       617.50,                 13930857.80,22284
,LAXMIMACH,EQ,      3736.95,                 11356555.85,3012
,LGBBROSLTD,EQ,       510.00,                  4576546.10,8884
,LGBFORGE,EQ,         8.50,                  2735622.85,319269
,LIBERTSHOE,EQ,       198.25,                 15077434.60,75205
,LICNETFGSC,EQ,        14.55,                     1746.00,120
,LINCOLN,EQ,       251.25,                 48123841.30,194028
,LINCPEN,EQ,       216.60,                  1880446.70,8660
,LINDEINDIA,EQ,       316.05,                   302615.40,956
,LIQUIDBEES,EQ,      1000.00,                409977886.64,409977
,LITL,EQ,         6.95,                 89631636.90,13005326
,LLOYDELENG,EQ,       298.95,                 92449313.60,303023
,LML,EQ,         8.90,                  2813388.50,310953
,LOKESHMACH,EQ,        84.25,                  2108908.40,24729
,LOTUSEYE,EQ,        25.15,                  4147005.80,167902
,LOVABLE,EQ,       266.70,                 11892842.45,44243
,LPDC,EQ,         4.30,                   731370.55,166041
,LUMAXAUTO,EQ,        50.35,                   954142.20,18663
,LUMAXIND,EQ,       465.25,                  8357705.50,17851
,LUMAXTECH,EQ,       408.95,                 18231463.30,44033
,LUXIND,EQ,      3599.90,                 14269562.70,3962
,LYCOS,EQ,        34.70,                 47976388.15,1410054
,LYKALABS,EQ,       126.15,                 19315195.75,151036
,LYPSAGEMS,EQ,       141.65,                  7141127.65,50622
,M100,EQ,        14.09,                    49685.12,3522
,M50,EQ,        74.60,                   423449.06,5673
,MAANALU,EQ,        36.55,                   665714.05,17877
,MADHAV,EQ,        75.70,                   751812.80,9938
,MADHUCON,EQ,        74.15,                  5364575.85,71923
,MADRASFERT,EQ,        15.15,                   814111.95,52872
,MAGMA,EQ,        90.70,                  6411581.45,69802
,MAGNUM,EQ,         3.90,                     8480.40,2261
,MAHABANK,EQ,        31.70,                  2181236.65,68117
,MAHINDCIE,EQ,       247.15,                 16320180.35,65390
,MAHLIFE,EQ,       484.80,                  3505296.70,7245
,MAHSCOOTER,EQ,      1399.20,                   667360.65,475
,MAHSEAMLES,EQ,       168.50,                  2241808.95,13110
,MAITHANALL,EQ,       102.75,                   417141.80,4031
,MAJESCO,EQ,       719.65,                480441129.55,654142
,MALUPAPER,EQ,        12.50,                    52002.50,4095
,MALWACOTT,BE,         8.15,                     1633.75,200
,MANAKALUCO,EQ,         5.25,                    47916.45,8845
,MANAKCOAT,EQ,         6.60,                   164452.40,24550
,MANAKINDST,EQ,         6.20,                    92254.75,14385
,MANAKSIA,EQ,        48.05,                   652581.95,13373
,MANAKSTEEL,EQ,        11.45,                   201764.80,17739
,MANALIPETC,EQ,        31.15,                 32910947.85,1071433
,MANAPPURAM,EQ,        28.80,                 88573354.20,3026821
,MANAPPURAM,N5,      1115.50,                     1115.50,1
,MANDHANA,EQ,       329.55,                 53007942.70,158220
,MANGALAM,EQ,       214.85,                  2189751.20,10192
,MANGCHEFER,EQ,        45.85,                  1776868.00,38169
,MANGLMCEM,EQ,       194.95,                  8599460.30,43716
,MANGTIMBER,EQ,        16.80,                   381373.50,22623
,MANINDS,EQ,        93.10,                 28589362.85,303157
,MANINFRA,EQ,        44.95,                 70133880.35,1547881
,MANPASAND,EQ,       506.70,                 14912073.05,29177
,MANUGRAPH,EQ,        68.25,                 25171725.05,374214
,MARALOVER,EQ,        35.85,                  1337515.45,36980
,MARKSANS,EQ,       100.30,                296042141.00,2913915
,MASTEK,EQ,       191.90,                 61214471.80,314309
,MAWANASUG,EQ,        19.85,                  3390545.80,170477
,MAX,EQ,       517.50,                197118470.60,380217
,MAXWELL,EQ,        58.75,                 23924713.00,415242
,MAYURUNIQ,EQ,       469.65,                 13204657.80,28308
,MBECL,EQ,        98.90,                 22470327.35,227340
,MBLINFRA,EQ,       223.65,                 53267053.85,235432
,MCDHOLDING,EQ,        30.10,                  1229602.10,40407
,MCLEODRUSS,EQ,       171.70,                 91570764.60,528349
,MCX,EQ,       914.80,                195965968.40,213714
,MEGASOFT,EQ,        10.10,                 11086758.50,1088945
,MEGH,EQ,        25.05,                 25052312.90,1000317
,MENONBE,EQ,        78.80,                 17117950.20,218356
,MEP,EQ,        45.45,                 24621911.85,537628
,MERCATOR,EQ,        28.70,                 47284279.65,1655698
,MERCK,EQ,       771.35,                  4685849.40,6042
,METALFORGE,EQ,        77.20,                 11226071.80,143657
,METKORE,EQ,         3.00,                   733288.95,237067
,MHRIL,EQ,       440.65,                  9636896.65,21909
,MIC,EQ,        26.20,                102756615.30,3936918
,MICROSEC,EQ,        88.40,                  2733250.15,30914
,MINDACORP,EQ,        94.45,                 16490862.50,172174
,MINDAIND,EQ,       941.90,                 73857729.75,76703
,MINDTREE,EQ,      1450.75,                115322878.85,79294
,MIRCELECTR,EQ,        19.10,                 14660495.35,755876
,MIRZAINT,EQ,       131.10,                 39046733.65,296441
,MITCON,SM,        83.05,                   500900.00,6000
,MMFL,EQ,       527.40,                  3813879.70,7312
,MMTC,EQ,        48.25,                 40562323.60,828230
,MOHITIND,EQ,        62.35,                  2055501.55,32855
,MOIL,EQ,       214.00,                 14943966.45,69704
,MOLDTKPAC,EQ,       321.55,                 17311901.50,53804
,MONNETISPA,EQ,        33.30,                  4489603.30,133368
,MONSANTO,EQ,      2204.65,                  8619186.05,3905
,MONTECARLO,EQ,       528.45,                  6441386.40,12197
,MORARJEE,EQ,        50.05,                   651667.30,12912
,MOREPENLAB,EQ,        40.55,                385338222.15,9572460
,MOSERBAER,EQ,        13.30,                152189975.75,12172711
,MOTILALOFS,EQ,       330.50,                  1854439.20,5586
,MOTOGENFIN,BE,        41.65,                     9419.15,231
,MPHASIS,EQ,       497.30,                 48593253.65,97294
,MPSLTD,EQ,       775.00,                 10202430.00,13121
,MRO-TEK,EQ,        43.00,                  8211229.50,199043
,MRPL,EQ,        66.20,                 26288871.30,391990
,MSPL,EQ,        13.50,                   264356.10,19618
,MTEDUCARE,EQ,       183.10,                 40177999.75,217908
,MTNL,EQ,        21.95,                 39445896.15,1768317
,MUKANDENGG,EQ,        34.05,                   814740.95,23604
,MUKANDLTD,EQ,        46.80,                  4405673.90,93142
,MUKTAARTS,EQ,        52.05,                  2456169.15,46394
,MUNJALAU,EQ,        89.75,                  6768023.95,74608
,MUNJALSHOW,EQ,       201.75,                  3991894.40,19733
,MURUDCERA,EQ,        27.55,                  2683823.65,95506
,MUTHOOTCAP,EQ,       151.00,                   186492.25,1237
,MUTHOOTFIN,EQ,       178.35,                 12366774.55,69265
,MUTHOOTFIN,N6,      1041.04,                  1783902.95,1715
,MUTHOOTFIN,N9,      1025.15,                    12301.80,12
,MVL,EQ,          .45,                    50253.30,118949
,MYSOREBANK,EQ,       419.45,                   762275.20,1810
,N100,EQ,       315.92,                  1656055.80,5260
,NAGAROIL,EQ,         4.20,                   944055.50,223262
,NAGREEKCAP,EQ,        13.55,                    51674.15,3801
,NAGREEKEXP,EQ,        36.95,                   310262.40,8330
,NAHARCAP,EQ,        77.50,                    41152.75,526
,NAHARINDUS,EQ,        66.00,                  1546582.60,23307
,NAHARPOLY,EQ,        54.85,                  2002478.45,35454
,NAHARSPING,EQ,       127.15,                  7747055.80,60393
,NAKODA,EQ,          .55,                  1749393.10,3241541
,NATCOPHARM,EQ,       563.30,                 52631018.25,92589
,NATHBIOGEN,EQ,        81.30,                  1326599.45,16133
,NATIONALUM,EQ,        38.75,                 35527733.10,906514
,NATNLSTEEL,BE,        13.95,                   217913.90,15467
,NAUKRI,EQ,       832.85,                 69592923.30,82037
,NAVINFLUOR,EQ,      1931.05,                 23865020.45,12287
,NAVKARCORP,EQ,       207.95,                 16223626.75,77340
,NAVNETEDUL,EQ,        93.90,                  7336162.85,76700
,NBCC,EQ,       989.10,                148745843.80,149439
,NBVENTURES,EQ,       167.85,                  4895973.25,28937
,NCC,EQ,        75.90,                239256227.10,3113207
,NCLIND,EQ,       157.45,                 28089026.15,176626
,NDL,EQ,       147.90,                 19102741.30,129028
,NDTV,EQ,        82.40,                  8774234.90,105434
,NECLIFE,EQ,        53.10,                 36034908.35,674731
,NELCAST,EQ,        72.85,                  7928499.95,108732
,NELCO,EQ,       121.45,                 58599903.00,473112
,NEPCMICON,BE,         2.10,                    98275.45,46974
,NESCO,EQ,      1728.15,                  4641816.20,2685
,NESTLEIND,EQ,      5669.80,                202793418.35,35426
,NET4,EQ,         2.60,                      390.00,150
,NETWORK18,EQ,        58.35,                 88516682.95,1501521
,NEULANDLAB,EQ,       792.05,                 15881101.95,20285
,NEXTMEDIA,EQ,        19.60,                  6721229.00,351928
,NEYVELILIG,EQ,        81.05,                  5521543.05,67935
,NFL,EQ,        29.85,                 11595088.70,388823
,NGCT,EQ,         2.05,                     2767.50,1350
,NHAI,N2,      1095.27,                  3830064.02,3496
,NHAI,N1,      1071.00,                  4332695.30,4039
,NHAI,N6,      1195.00,                   282020.00,236
,NHBTF2014,N6,      5944.18,                  3352541.10,562
,NHBTF2023,N6,      6118.66,                   202170.00,33
,NHPC,EQ,        21.50,                157736911.65,7333586
,NHPC,N6,      1256.99,                   137012.80,109
,NHPC,N4,      1085.01,                    47141.00,40
,NIBL,EQ,        64.90,                   236647.75,3639
,NICCO,EQ,          .50,                        3.50,7
,NIFTYBEES,EQ,       790.31,                 32101308.35,40397
,NIITLTD,EQ,        96.10,                165104250.15,1701296
,NIITTECH,EQ,       580.50,                 48806315.95,83533
,NILAINFRA,EQ,        18.00,                 21782030.80,1193116
,NILKAMAL,EQ,      1268.20,                100794215.95,79596
,NIPPOBATRY,EQ,      1096.45,                  2894335.55,2630
,NIRVIKARA,EQ,        58.05,                   377728.05,6476
,NITCO,EQ,        48.05,                 28255348.35,577637
,NITESHEST,EQ,        14.35,                  2051286.05,140746
,NITINFIRE,EQ,        43.90,                 27881328.15,635827
,NITINSPIN,EQ,        75.65,                 12044712.00,157717
,NOCIL,EQ,        56.85,                 69710762.05,1213071
,NOIDATOLL,EQ,        25.00,                  4903987.40,194340
,NORBTEAEXP,EQ,         8.30,                    42594.10,4861
,NRBBEARING,EQ,       137.25,                  5822620.30,42125
,NSIL,EQ,       733.00,                   220014.00,302
,NTPC,ND,      1034.46,                  1370033.30,1316
,NTPC,N7,        13.44,                   228896.86,17042
,NTPC,NB,      1027.09,                    31840.00,31
,NTPC,NC,      1026.05,                    48224.35,47
,NUCLEUS,EQ,       254.65,                 10641926.05,41461
,NUTEK,EQ,          .65,                   123680.45,184393
,OBEROIRLTY,EQ,       260.00,                 42410387.80,162137
,OCL,EQ,       490.55,                  6831867.30,13959
,OILCOUNTUB,EQ,        31.75,                   407775.10,12819
,OISL,EQ,        13.40,                   407831.95,30218
,OMAXAUTO,EQ,        87.25,                  9525756.20,107689
,OMAXE,EQ,       135.45,                 47067675.40,346552
,OMKARCHEM,EQ,       222.85,                 23182643.45,103472
,OMMETALS,EQ,        54.10,                  8716721.60,158527
,OMNITECH,EQ,         3.30,                     3960.00,1200
,ONELIFECAP,EQ,        60.10,                  4667842.65,77360
,ONMOBILE,EQ,       123.95,                 72073997.90,577088
,ONWARDTEC,EQ,       102.85,                  2759095.00,26245
,OPTOCIRCUI,EQ,        15.05,                239554949.65,16234956
,ORBITCORP,EQ,         8.10,                 12755157.60,1563970
,ORBTEXP,EQ,       383.95,                  1344452.10,3481
,ORCHIDPHAR,EQ,        61.75,                 53595701.20,858874
,ORICONENT,EQ,        61.95,                 63532353.05,1008723
,ORIENTABRA,EQ,        56.10,                  9394621.60,165997
,ORIENTALTL,BE,         6.30,                    12600.00,2000
,ORIENTBANK,EQ,       137.45,                265661061.90,1909823
,ORIENTBELL,EQ,       170.60,                  4275149.90,24516
,ORIENTCEM,EQ,       150.00,                  6353976.95,42178
,ORIENTHOT,EQ,        30.35,                 29040884.60,962757
,ORIENTLTD,EQ,        61.70,                      185.10,3
,ORIENTPPR,EQ,        37.75,                 52308882.05,1414507
,ORIENTREF,EQ,        89.05,                  1510911.60,16951
,ORISSAMINE,EQ,      1904.55,                  4662071.10,2443
,ORTEL,EQ,       184.75,                   165064.30,905
,ORTINLABSS,EQ,        32.35,                  2278831.10,69405
,OUDHSUG,EQ,        37.95,                  2749975.20,72919
,PAEL,EQ,        16.05,                   168514.60,10451
,PAGEIND,EQ,     13558.05,                 82397264.30,6131
,PALREDTECH,EQ,       111.05,                  2193149.30,19643
,PANACEABIO,EQ,       134.80,                  1022294.75,7562
,PANAMAPET,EQ,        73.05,                   135622.15,1819
,PANORAMUNI,EQ,        16.10,                   616169.85,37343
,PAPERPROD,EQ,       237.90,                  2888884.65,12006
,PARABDRUGS,EQ,         9.90,                 10138297.30,981515
,PARACABLES,EQ,         4.80,                  1166268.90,232560
,PARASPETRO,BE,          .25,                    10760.00,37120
,PARRYSUGAR,EQ,        31.55,                   157055.35,5022
,PARSVNATH,EQ,        27.00,                 22796636.85,838807
,PATELENG,EQ,        76.55,                 17733099.25,229868
,PATINTLOG,EQ,       114.00,                 12473075.05,107595
,PATSPINLTD,EQ,        12.75,                   638339.75,50403
,PBAINFRA,EQ,        18.15,                  4556417.25,248832
,PCJEWELLER,EQ,       395.80,                 23331025.00,59096
,PDPL,EQ,        63.55,                 29411022.30,467093
,PDSMFL,EQ,       228.45,                   393971.00,1728
,PDUMJEIND,EQ,        20.65,                    28283.15,1384
,PDUMJEPULP,EQ,        48.70,                  3235997.80,66942
,PEARLPOLY,EQ,        21.00,                   730424.05,34945
,PEL,EQ,       989.20,                 52482413.35,52548
,PENIND,EQ,        52.75,                 18156045.35,339338
,PENINLAND,EQ,        23.70,                  3493791.85,145614
,PENPEBS,EQ,       156.00,                   198802.95,1271
,PERSISTENT,EQ,       647.20,                 11884115.85,18404
,PETRONENGG,EQ,       251.35,                  4034724.55,16002
,PFIZER,EQ,      2367.45,                 17392083.65,7346
,PFOCUS,EQ,        55.80,                  3759882.15,65741
,PFRL,EQ,       247.80,                 49746316.60,198454
,PFS,EQ,        39.70,                 48678809.50,1212682
,PGEL,EQ,       149.55,                 28531424.75,188549
,PGHH,EQ,      5600.00,                315090251.15,56260
,PGIL,EQ,       229.30,                  1503036.10,6506
,PHILIPCARB,EQ,       127.50,                  9882744.90,76535
,PHOENIXLL,EQ,       104.80,                  6920145.50,65961
,PHOENIXLTD,EQ,       328.70,                   819629.35,2469
,PIDILITIND,EQ,       557.60,                409492187.00,735318
,PIIND,EQ,       656.10,                 36792948.85,55800
,PILANIINVS,EQ,      1498.20,                  1990688.45,1328
,PILITA,EQ,        17.80,                   467194.95,26742
,PIONDIST,EQ,       377.25,                 38400894.80,102078
,PIONEEREMB,EQ,        80.85,                  9323924.05,115316
,PIPAVAVDOC,EQ,        89.35,                691159069.95,7599609
,PIRPHYTO,EQ,       113.25,                 17047927.65,146654
,PITTILAM,EQ,        48.65,                  1753374.30,35996
,PKTEA,EQ,       129.95,                    21438.00,166
,PLASTIBLEN,EQ,       490.25,                 51519144.55,106698
,PLETHICO,BZ,        13.85,                    86161.65,6229
,PNBGILTS,EQ,        26.70,                  4854353.45,179729
,PNC,EQ,        24.65,                   837251.55,33945
,PNCINFRA,EQ,       541.00,                  8673311.80,16077
,PNEUMATIC,EQ,       621.00,                   146913.70,237
,POCHIRAJU,EQ,        16.80,                  2019440.35,120009
,POLARIS,EQ,       212.60,                 66594668.85,314838
,POLYMED,EQ,       390.95,                  2556684.60,6549
,POLYPLEX,EQ,       247.30,                  3354424.20,13531
,PONNIERODE,EQ,       188.40,                   184232.50,982
,POWERMECH,EQ,       654.70,                  9470290.05,14526
,PPAP,EQ,       163.15,                  1463850.55,8777
,PRABHAT,EQ,       140.00,                 15865700.95,111647
,PRADIP,EQ,         1.90,                     5365.60,2824
,PRAENG,EQ,         7.30,                   847375.05,115648
,PRAJIND,EQ,        92.35,                121795168.80,1302745
,PRAKASH,EQ,        34.85,                  9220191.15,263004
,PRAKASHCON,EQ,         4.85,                   232319.85,47901
,PRAKASHSTL,EQ,       141.70,                   706442.15,4860
,PRATIBHA,EQ,        46.00,                 10142769.70,217724
,PRECOT,EQ,        61.30,                   344338.50,5464
,PRECWIRE,EQ,       177.75,                  4653283.10,26019
,PREMIER,EQ,        48.45,                   323965.45,6704
,PREMIERPOL,BE,        24.50,                      245.00,10
,PRESSMN,EQ,        66.35,                 18898063.40,284704
,PRESTIGE,EQ,       190.45,                 17820232.30,92476
,PRICOL,EQ,        41.90,                 22795097.00,542785
,PRIMESECU,EQ,         6.10,                   975272.60,160136
,PRISMCEM,EQ,        81.00,                 16135892.00,197282
,PROVOGE,EQ,         7.30,                  2590855.20,356197
,PROZONINTU,EQ,        34.65,                 18332832.35,524870
,PSB,EQ,        38.95,                  1607269.80,41052
,PSL,EQ,        11.70,                  1350662.40,113648
,PSUBNKBEES,EQ,       312.21,                   831044.00,2646
,PTC,EQ,        66.80,                 84390458.70,1263296
,PTL,EQ,        99.55,                  4859879.15,49652
,PUNJABCHEM,EQ,       176.80,                  1302856.35,7302
,PUNJLLOYD,EQ,        30.45,                347845938.70,11443828
,PURVA,EQ,        62.45,                  2381854.35,37782
,PVP,EQ,         6.50,                  1450808.20,220789
,PVR,EQ,       806.75,                 55781766.30,69544
,QGOLDHALF,EQ,      1158.40,                   276935.55,240
,QNIFTY,EQ,       831.80,                    63455.80,76
,RADAAN,EQ,         2.00,                     4600.00,2300
,RADICO,EQ,       114.80,                 50191089.85,432088
,RAIN,EQ,        37.95,                 21623299.25,563603
,RAINBOWPAP,EQ,        39.65,                   238364.30,6207
,RAIREKMOH,EQ,       294.45,                 63561542.45,223814
,RAJESHEXPO,EQ,       680.85,                130678551.25,191869
,RAJOIL,BE,         1.85,                     5272.50,2850
,RAJRAYON,EQ,          .50,                   111195.05,203405
,RAJSREESUG,EQ,        34.30,                  1667856.30,48022
,RAJTV,EQ,        57.45,                 22640092.00,429534
,RAJVIR,EQ,        50.00,                     5003.25,100
,RALLIS,EQ,       175.00,                 22040734.90,124187
,RAMANEWS,EQ,        26.50,                  4846226.20,181677
,RAMASTEEL,EQ,       940.10,                  5142460.25,5475
,RAMCOCEM,EQ,       389.20,                 30649841.55,79920
,RAMCOIND,EQ,       128.90,                 37954262.55,285765
,RAMCOSYS,EQ,       789.00,                  6928097.50,8705
,RAMKY,EQ,        34.75,                  2241836.80,65348
,RAMSARUP,BE,         1.85,                     1979.50,1070
,RANASUG,EQ,         4.45,                  2712055.95,616186
,RANEENGINE,EQ,       511.00,                     1539.00,3
,RANEHOLDIN,EQ,       624.80,                   413904.70,666
,RASOYPR,EQ,          .30,                  2571221.30,10219847
,RATNAMANI,EQ,       540.45,                  7098269.35,13125
,RAYMOND,EQ,       419.00,                 21657730.10,51540
,RBL,EQ,       346.65,                    71052.00,203
,RCF,EQ,        49.90,                 73027196.90,1449434
,RECLTD,N1,      1004.00,                   160699.80,160
,RECLTD,N9,      1130.00,                   905130.00,801
,RECLTD,N8,      1074.00,                    21480.00,20
,RECLTD,NF,      1124.00,                   569449.00,500
,RECLTD,N2,      1008.00,                   699582.00,694
,REDINGTON,EQ,       114.70,                  8080725.40,69522
,REFEX,EQ,         8.75,                   181364.20,20894
,REIAGROLTD,BE,          .80,                   791080.85,965839
,REISIXTEN,EQ,          .45,                     2700.00,6000
,RELAXO,EQ,       500.85,                  6012205.15,11988
,RELBANK,EQ,      1805.70,                    86683.62,48
,RELCNX100,EQ,        82.33,                     9467.95,115
,RELCONS,EQ,        36.00,                     3600.00,100
,RELDIVOPP,EQ,        18.69,                     3002.09,157
,RELGOLD,EQ,      2227.60,                  4668169.50,2098
,RELIFIN,N7,      1515.00,                    45450.00,30
,RELIGARE,EQ,       306.10,                  1153961.00,3750
,RELIGAREGO,EQ,      2136.95,                   157796.00,74
,RELNIFTY,EQ,        79.80,                    13632.44,170
,RELNV20,EQ,       426.00,                     1278.00,3
,REMSONSIND,EQ,        52.00,                    53300.90,1032
,RENUKA,EQ,        14.30,                155253987.75,10926650
,REPCOHOME,EQ,       680.40,                 48669425.10,71560
,REPRO,EQ,       471.20,                  1806273.85,3826
,RESPONIND,EQ,       107.80,                   526000.50,4874
,REVATHI,EQ,       726.05,                   238587.00,326
,RICOAUTO,EQ,        46.90,                 22323221.35,478336
,RIIL,EQ,       522.70,               1507916885.85,2858924
,RJL,EQ,       177.15,                 31061577.50,177118
,RKDL,EQ,        11.95,                   886867.80,74851
,RKFORGE,EQ,       511.35,                 18198353.10,35247
,RMCL,EQ,        21.55,                  4231718.45,195539
,RML,EQ,       342.45,                   405778.25,1175
,RMMIL,EQ,         1.55,                   385890.65,245731
,ROHITFERRO,EQ,         7.45,                  1367537.55,179348
,ROHLTD,EQ,        91.55,                263489643.70,3104894
,ROLTA,EQ,        99.20,                 59046556.25,588840
,ROSSELLIND,EQ,       151.85,                  5580757.90,36925
,RPGLIFE,EQ,       323.75,                 66582930.30,204092
,RPOWER,EQ,        57.00,                813636472.80,14193187
,RPPINFRA,EQ,       105.30,                  2251035.50,21010
,RSSOFTWARE,EQ,       138.10,                 19416795.90,138260
,RSWM,EQ,       357.95,                 12773855.85,35548
,RSYSTEMS,EQ,        74.60,                  1846116.70,24783
,RTNINFRA,EQ,         3.45,                 12971058.05,3718717
,RTNPOWER,EQ,        12.05,                 72916027.25,6175486
,RUBYMILLS,EQ,       401.00,                 16375127.05,40932
,RUCHINFRA,BE,         8.40,                    35681.05,4262
,RUCHIRA,EQ,        62.05,                  2730066.05,43697
,RUCHISOYA,EQ,        29.95,                  5481284.70,182073
,RUPA,EQ,       307.80,                  1441841.30,4674
,RUSHIL,EQ,       275.70,                 97844910.65,354082
,SABTN,EQ,       363.00,                  5334966.95,14623
,SADBHAV,EQ,       338.90,                  7751079.15,22887
,SADBHIN,EQ,        97.25,                   365812.90,3748
,SAGCEM,EQ,       443.60,                  3819608.85,8583
,SAKHTISUG,EQ,        36.05,                 24519381.60,695724
,SAKSOFT,EQ,       353.45,                 42279183.75,119985
,SAKUMA,EQ,        83.85,                 14485224.35,170262
,SALORAINTL,EQ,        58.05,                   365443.85,6153
,SALSTEEL,EQ,         3.20,                    73302.10,22437
,SALZERELEC,EQ,       236.75,                 10938969.60,45684
,SAMBHAAV,EQ,         8.80,                  1493325.20,160522
,SANCO,SM,        34.10,                  6274400.00,184000
,SANDESH,EQ,       899.75,                 21947580.90,24134
,SANGAMIND,EQ,       307.75,                 19095077.15,62136
,SANGHIIND,EQ,        67.30,                 21978728.55,323183
,SANGHVIFOR,EQ,        62.80,                  1306308.35,21227
,SANGHVIMOV,EQ,       348.40,                  3955439.80,11325
,SANOFI,EQ,      4296.35,                 11155159.55,2584
,SANWARIA,EQ,         6.00,                  5543780.65,921507
,SARDAEN,EQ,       105.45,                  4878040.10,45810
,SAREGAMA,EQ,       355.20,                 11853585.00,32978
,SARLAPOLY,EQ,        82.90,                 20511376.30,251071
,SASKEN,EQ,       380.10,                 18417090.40,48093
,SATHAISPAT,EQ,        35.25,                   502818.10,14304
,SATIN,EQ,       413.10,                 26442501.55,66240
,SBBJ,EQ,       527.45,                  1588564.90,3030
,SBIN,N2,     11150.00,                    44181.72,4
,SBIN,N3,     10940.00,                   229732.00,21
,SBIN,N5,     11525.00,                  5831146.00,506
,SBT,EQ,       407.05,                  6929671.75,17181
,SCHNEIDER,EQ,       165.75,                 25561060.50,151489
,SCI,EQ,        91.85,                 68557125.60,738338
,SDBL,EQ,       192.40,                  2170290.95,11089
,SEAMECLTD,EQ,       103.90,                  4486327.15,43044
,SEINV,EQ,       271.25,                    68018.80,244
,SELAN,EQ,       206.00,                 14125721.55,67873
,SELMCL,EQ,         4.90,                  2658614.05,532150
,SEPOWER,EQ,         5.80,                    37679.95,6438
,SERVALL,EQ,         4.00,                    23494.00,5876
,SESHAPAPER,EQ,       242.45,                   306418.30,1275
,SETFGOLD,EQ,      2346.55,                 11240965.70,4809
,SETFNIF50,EQ,        78.59,                  9668456.95,121631
,SETFNIFBK,EQ,       168.49,                    25435.50,151
,SETFNN50,EQ,       201.79,                    68735.90,343
,SEZAL,BE,         7.40,                   120730.00,15430
,SFCL,EQ,       128.40,                  1980908.00,15434
,SGJHL,EQ,         9.60,                   300864.30,31066
,SGL,BE,         6.15,                      621.75,101
,SHAHALLOYS,BE,         9.95,                    21319.60,2204
,SHAKTIPUMP,EQ,       159.00,                  4421440.50,27498
,SHALPAINTS,EQ,       141.35,                  4136010.75,29243
,SHANTIGEAR,EQ,       104.35,                  3884943.45,37261
,SHARDACROP,EQ,       241.20,                  4099028.60,16861
,SHARDAMOTR,EQ,      1000.00,                  2867793.60,2890
,SHARIABEES,EQ,       185.90,                     5943.58,32
,SHARONBIO,EQ,        27.90,                 18093106.50,640973
,SHEMAROO,EQ,       298.30,                 22191664.50,73877
,SHILPAMED,EQ,       494.30,                  8451030.40,17005
,SHILPI,EQ,        61.30,                  4115468.50,66650
,SHIRPUR-G,EQ,        59.00,                   313078.30,5266
,SHIVAMAUTO,EQ,        65.75,                 25406310.00,379737
,SHIVTEX,EQ,       135.25,                 69983889.25,554062
,SHK,EQ,       249.85,                109271841.60,436345
,SHLAKSHMI,BZ,         3.55,                    51421.75,14485
,SHOPERSTOP,EQ,       405.05,                  1565894.65,3854
,SHREECEM,EQ,     11059.30,                 49976262.35,4498
,SHREEPUSHK,EQ,       110.05,                 35323357.00,318885
,SHREERAMA,BE,         8.55,                   512063.75,59901
,SHRENUJ,EQ,        14.70,                    70736.40,4812
,SHREYANIND,EQ,        44.35,                    15713.00,370
,SHREYAS,EQ,       387.90,                 11179542.70,29015
,SHRIASTER,EQ,         4.60,                      920.00,200
,SHRIRAMCIT,EQ,      1599.50,                  4774025.10,2965
,SHRIRAMCIT,ND,      1058.50,                    31755.00,30
,SHRIRAMCIT,N8,      1095.60,                   109560.00,100
,SHRIRAMEPC,EQ,        35.65,                  2125111.10,60213
,SHYAMCENT,EQ,         7.50,                   567896.20,75344
,SHYAMTEL,EQ,        40.80,                  6702428.70,171165
,SICAGEN,EQ,        18.10,                   674138.70,37134
,SICAL,EQ,       149.75,                  7988743.95,52942
,SIGNET,EQ,        63.25,                 23529042.95,373926
,SIIL,SM,        70.40,                   273100.00,4000
,SIL,BE,        25.70,                   222740.40,8569
,SILINV,EQ,        94.20,                   369409.10,3857
,SIMPLEX,EQ,        36.65,                  1087902.45,29594
,SIMPLEXINF,EQ,       312.25,                  4484115.80,14210
,SINTEX,EQ,       100.15,                143516886.65,1423027
,SITASHREE,BE,        14.70,                   226117.20,15156
,SITICABLE,EQ,        36.90,                 41805388.15,1135599
,SIYSIL,EQ,      1191.90,                  6141780.45,5054
,SJVN,EQ,        31.55,                 36989473.10,1175791
,SKFINDIA,EQ,      1204.60,                 45049099.80,37340
,SKIL,EQ,        40.90,                 18360330.20,448976
,SKIPPER,EQ,       191.80,                227721817.70,1215601
,SKMEGGPROD,EQ,       178.65,                  9048993.25,50693
,SKSMICRO,EQ,       493.50,                508562093.15,1021233
,SMARTLINK,EQ,        97.90,                  3665313.70,37186
,SMLISUZU,EQ,      1174.45,                 70033191.00,58911
,SMPL,EQ,         3.95,                 11022827.20,2710815
,SMSPHARMA,EQ,       121.05,                 32554761.85,269237
,SNOWMAN,EQ,        81.80,                 48192705.95,590857
,SOBHA,EQ,       316.35,                 18764451.55,59105
,SOLARINDS,EQ,      3596.60,                 14057511.55,3900
,SOMANYCERA,EQ,       394.75,                 10753773.20,27070
,SOMATEX,EQ,         6.90,                    17940.00,2600
,SONASTEER,EQ,        57.90,                  3843843.00,66149
,SONATSOFTW,EQ,       167.10,                 32855792.95,196328
,SOTL,EQ,       571.30,                  1147066.85,1993
,SOUTHBANK,EQ,        19.55,                 60166267.25,3051436
,SPARC,EQ,       336.20,                 70095263.65,207773
,SPECIALITY,EQ,       142.30,                  5310083.60,37626
,SPECTACLE,BE,         1.40,                       70.00,50
,SPENTEX,EQ,         3.70,                   286661.80,79445
,SPHEREGSL,EQ,        84.70,                  1860067.25,21483
,SPIC,EQ,        24.05,                 15024778.50,622743
,SPICEMOBI,EQ,        21.15,                   327903.80,15461
,SPLIL,EQ,        34.35,                  5036321.60,154660
,SPMLINFRA,EQ,        76.40,                   216086.15,2811
,SPYL,BE,         2.20,                   378868.55,172363
,SQSBFSI,EQ,      1126.65,                 27895189.00,24548
,SREINFRA,EQ,        61.00,                518219679.10,8323455
,SREINFRA,NP,      1190.00,                   357000.00,300
,SREINFRA,NJ,      1010.00,                    50500.00,50
,SRF,EQ,      1247.10,                143850975.90,114036
,SRGINFOTEC,BE,          .30,                     1404.60,5148
,SRHHYPOLTD,EQ,        68.35,                   115193.35,1624
,SRIPIPES,EQ,       272.35,                 59371221.45,217717
,SRSLTD,EQ,        21.35,                 29228735.25,1351257
,SRTRANSFIN,YD,      1165.40,                    35063.01,30
,SRTRANSFIN,YB,      1075.00,                    26875.00,25
,SRTRANSFIN,NL,      1095.16,                   110506.10,101
,SRTRANSFIN,YG,      1255.00,                   125500.00,100
,SRTRANSFIN,NS,      1076.10,                    53805.00,50
,SRTRANSFIN,NX,      1015.00,                    30450.00,30
,SRTRANSFIN,NM,      1090.00,                   109000.00,100
,SRTRANSFIN,N9,      1034.50,                   135243.00,131
,SRTRANSFIN,Y8,      1063.10,                    53155.00,50
,SRTRANSFIN,YA,      1012.70,                    76260.45,75
,SRTRANSFIN,Y2,      1094.02,                     9846.18,9
,SRTRANSFIN,NY,      1276.13,                     6380.65,5
,SSWL,EQ,       426.65,                 23143311.85,53665
,STAN,DR,        52.85,                  2275436.45,42550
,STAR,EQ,      1279.90,                298751412.25,233584
,STARPAPER,EQ,        46.05,                 13626265.50,305669
,STCINDIA,EQ,       161.75,                 24981919.70,153068
,STEL,EQ,        34.00,                   451673.10,13157
,STERLINBIO,EQ,         7.35,                  1872985.65,251111
,STERTOOLS,EQ,       519.50,                   534857.55,1014
,STINDIA,EQ,        26.95,                      269.50,10
,STOREONE,EQ,        34.65,                  1565518.55,44006
,STRTECH,EQ,        95.65,                 71853385.25,738288
,STYABS,EQ,       752.65,                  6467409.75,8518
,SUBEX,EQ,        12.80,                495121747.75,38509188
,SUBROS,EQ,       105.80,                 10388674.65,96841
,SUDAR,EQ,         5.40,                  2131531.30,402305
,SUDARSCHEM,EQ,       111.30,                  6657981.95,59433
,SUJANATWR,EQ,        16.50,                 14267631.95,860847
,SUJANAUNI,EQ,         2.15,                  4279628.30,2016602
,SUMEETINDS,EQ,        15.55,                 31046981.45,1986751
,SUMMITSEC,EQ,       336.25,                  2090322.05,6137
,SUNCLAYLTD,EQ,      2041.95,                  1432103.30,699
,SUNDARAM,EQ,         3.30,                  4688431.20,1418063
,SUNDRMBRAK,EQ,       294.85,                   411488.55,1394
,SUNDRMFAST,EQ,       164.80,                  5967642.75,36032
,SUNFLAG,EQ,        24.05,                  2137760.55,87964
,SUNILHITEC,EQ,       271.90,                 11155162.30,40531
,SUNTECK,EQ,       254.25,                  8791416.50,35169
,SUNTV,EQ,       421.20,                243273568.40,577750
,SUPERHOUSE,EQ,       208.65,                 13487659.90,64901
,SUPERSPIN,EQ,        10.20,                   672105.50,64757
,SUPPETRO,EQ,       109.90,                  3902540.35,35259
,SUPRAJIT,EQ,       143.75,                  4969721.75,34625
,SUPREMEIND,EQ,       689.00,                 12644696.55,18332
,SUPREMEINF,EQ,       142.30,                  3874056.90,26683
,SUPREMETEX,EQ,        10.35,                  1784143.35,172381
,SURANACORP,EQ,         1.80,                   120099.60,66722
,SURANAIND,EQ,         9.00,                  1578738.85,176257
,SURANASOL,EQ,        27.75,                  4835937.00,174268
,SURANAT&P,EQ,         7.65,                  1561273.80,212178
,SURYAJYOTI,EQ,        13.30,                   285837.05,20365
,SURYALAXMI,EQ,       121.05,                  1741776.05,14232
,SURYAROSNI,EQ,       145.85,                 81724561.15,554284
,SUTLEJTEX,EQ,       560.95,                  5019069.90,8978
,SUVEN,EQ,       260.45,                 70012463.90,266361
,SUZLON,EQ,        22.75,               1368464029.75,60817402
,SVOGL,EQ,         6.90,                   439980.60,63253
,SWANENERGY,EQ,        68.65,                 24894639.30,360164
,SWARAJENG,EQ,       946.85,                  2567549.60,2699
,SWELECTES,EQ,       467.95,                  3401054.75,7261
,SYMPHONY,EQ,      2256.00,                 12765479.10,5598
,SYNCOM,EQ,        11.20,                 15649021.10,1401087
,SYNDIBANK,EQ,        86.50,                118478436.15,1357090
,SYNGENE,EQ,       414.60,                 93029157.10,224442
,TAINWALCHM,EQ,        42.90,                   202435.90,4746
,TAJGVK,EQ,       106.25,                 25944610.00,240226
,TAKE,EQ,       164.40,                 29022686.35,175065
,TALBROAUTO,EQ,       124.50,                  5709417.10,45416
,TALWALKARS,EQ,       267.75,                 13956285.10,51938
,TANLA,EQ,        46.95,                 28051400.50,586499
,TANTIACONS,EQ,        27.45,                   252520.10,9171
,TARAJEWELS,EQ,        58.20,                 16023306.05,273390
,TARAPUR,EQ,         6.90,                   345413.40,49567
,TARMAT,EQ,        27.00,                     6453.00,239
,TATACOFFEE,EQ,        95.60,                 29203597.45,303397
,TATACOMM,EQ,       429.20,                145106202.10,332816
,TATAELXSI,EQ,      2211.95,               1017988700.35,454726
,TATAINVEST,EQ,       537.00,                  5529211.60,10240
,TATAMETALI,EQ,        98.50,                  7354670.30,73799
,TATAMTRDVR,EQ,       278.10,                662624492.80,2359770
,TATASPONGE,EQ,       484.10,                 86728345.60,176663
,TBZ,EQ,        91.95,                  4708703.00,50874
,TCFSL,N8,      1270.00,                     1270.00,1
,TCI,EQ,       302.65,                 21771263.35,71970
,TCIDEVELOP,EQ,       311.25,                    79434.35,254
,TCIFINANCE,EQ,        34.15,                   178254.15,5232
,TDPOWERSYS,EQ,       306.40,                  7528738.45,24393
,TECHNO,EQ,       535.45,                  2595634.00,4877
,TECHNOFAB,EQ,       184.15,                  1862820.45,10232
,TEXINFRA,EQ,        42.10,                 11743883.50,274431
,TEXMOPIPES,EQ,        19.65,                 53440489.05,2731030
,TEXRAIL,EQ,       146.95,                 48826792.50,327521
,TFCILTD,EQ,        60.95,                 67014089.35,1073441
,TFL,EQ,         6.00,                     2940.00,490
,TGBHOTELS,EQ,       131.35,                 72206349.30,564767
,THANGAMAYL,EQ,       226.20,                   414167.80,1839
,THEMISMED,BE,       519.95,                  1726418.90,3296
,THERMAX,EQ,       883.00,                 65975241.45,74530
,THIRUSUGAR,EQ,        43.90,                   184567.30,4188
,THOMASCOOK,EQ,       204.35,                 57366861.15,282038
,THOMASCOTT,BE,        11.15,                     4605.75,405
,TI,EQ,        22.85,                  6440510.35,281410
,TIDEWATER,EQ,     28311.45,                200728895.35,7093
,TIIL,EQ,       256.55,                 32085093.90,124935
,TIJARIA,BE,         4.80,                    12724.80,2651
,TIL,EQ,       488.40,                 11681981.75,23593
,TIMESGTY,EQ,        25.00,                     7298.20,292
,TIMETECHNO,EQ,        58.20,                  8372200.15,140966
,TIMKEN,EQ,       541.35,                  5610279.35,10344
,TINPLATE,EQ,        71.20,                  9396599.85,130382
,TIPSINDLTD,EQ,        63.60,                   396160.00,6269
,TIRUMALCHM,EQ,       214.20,                  2912990.40,13520
,TNPETRO,EQ,        21.00,                  2771501.45,130250
,TNPL,EQ,       265.20,                 34082641.95,127476
,TNTELE,BE,         3.00,                    13276.00,4740
,TODAYS,EQ,         3.15,                   151659.30,46972
,TOKYOPLAST,EQ,        50.85,                   976553.10,19471
,TORNTPHARM,EQ,      1448.35,                209599077.30,143612
,TORNTPOWER,EQ,       198.85,                864357678.10,4463437
,TPLPLASTEH,EQ,       267.15,                 11255675.00,42559
,TREEHOUSE,EQ,       173.15,                 36592303.55,209131
,TRENT,EQ,      1708.25,                 18364419.90,10739
,TRF,EQ,       420.15,                 34298446.75,80938
,TRICOM,EQ,         2.50,                   554962.50,221990
,TRIDENT,EQ,        55.95,                 36642789.70,647531
,TRIGYN,EQ,        89.90,                 18536217.50,201754
,TRIL,EQ,       279.55,                 10528271.50,37339
,TRITURBINE,EQ,       109.00,                 24659021.20,222175
,TRIVENI,EQ,        49.20,                230114921.55,4837502
,TTKHLTCARE,EQ,      1050.05,                  1422884.40,1358
,TTKPRESTIG,EQ,      4722.90,                 70362850.70,15097
,TTL,EQ,        56.00,                  1321320.00,23670
,TTML,EQ,         8.20,                 18684562.85,2256452
,TUBEINVEST,EQ,       420.65,                 37564950.40,88488
,TULSI,EQ,         5.10,                    36185.10,7101
,TV18BRDCST,EQ,        46.10,                461527377.85,9913088
,TVSELECT,EQ,       154.30,                229932064.05,1539794
,TVSMOTOR,EQ,       286.95,                389868396.60,1356574
,TVSSRICHAK,EQ,      2827.90,                  9514245.05,3346
,TVTODAY,EQ,       329.25,                 40304432.30,122092
,TWL,EQ,       155.75,                267050989.10,1682951
,UBHOLDINGS,EQ,        28.45,                  2487216.85,86799
,UCALFUEL,EQ,       133.45,                 22044330.80,162003
,UCOBANK,EQ,        44.60,                 82531174.55,1839515
,UFLEX,EQ,       181.40,                 46972251.55,256396
,UFO,EQ,       512.10,                   763940.15,1488
,UGARSUGAR,BE,        14.00,                   702096.70,50659
,UJAAS,EQ,        29.80,                237088653.10,8253838
,UMANGDAIRY,EQ,        76.65,                  1026020.40,13289
,UNICHEMLAB,EQ,       260.80,                 22552284.65,85579
,UNIENTER,EQ,        39.50,                    14124.50,352
,UNIONBANK,EQ,       144.65,                338254780.15,2314799
,UNIPLY,EQ,       173.05,                  8700211.10,49835
,UNITECH,EQ,         6.65,                195580350.20,28998768
,UNITEDBNK,EQ,        21.90,                  2803104.35,128105
,UNITEDTEA,EQ,       430.35,                  2111653.05,5028
,UNITY,EQ,        16.25,                  3624493.75,218975
,UNIVCABLES,BE,        82.00,                  1638090.95,20236
,UPERGANGES,EQ,        76.65,                  2699892.10,34515
,USHAMART,EQ,        11.20,                 10043619.90,895456
,USHERAGRO,EQ,        44.70,                 11113728.60,244086
,UTINIFTETF,EQ,       785.62,                   121732.75,155
,UTISENSETF,EQ,       262.05,                   164068.05,630
,UTTAMSTL,EQ,        34.00,                  4666391.10,135216
,UTTAMSUGAR,EQ,        30.05,                  4332473.05,143007
,UTTAMVALUE,EQ,         3.75,                   264482.00,70390
,V2RETAIL,EQ,        66.75,                  6748128.40,100337
,VADILALIND,EQ,       618.20,                 14150650.35,22645
,VAIBHAVGBL,EQ,       491.85,                  3082805.45,6225
,VAKRANGEE,EQ,       177.70,                258765427.75,1435743
,VALECHAENG,EQ,        52.60,                  4487895.35,84286
,VALUEIND,EQ,        14.45,                   826932.30,56599
,VARDHACRLC,EQ,        36.40,                  5608491.15,153223
,VARDMNPOLY,EQ,        50.85,                  4674779.35,88006
,VASCONEQ,EQ,        35.35,                 21245900.30,592216
,VASWANI,BE,         5.85,                    21498.75,3675
,VENKEYS,EQ,       327.25,                  2544112.15,7703
,VENUSREM,EQ,       125.75,                  5553701.40,43896
,VESUVIUS,EQ,       772.35,                  4767783.65,6145
,VETO,EQ,       101.85,                 10091525.55,99130
,VGUARD,EQ,       932.75,                  1872753.80,2001
,VHL,EQ,       997.00,                     9745.00,10
,VICEROY,EQ,        23.35,                 18152191.85,778326
,VIDEOIND,EQ,       120.90,                  9428247.35,77615
,VIJAYABANK,EQ,        33.85,                  5668491.30,166956
,VIJSHAN,EQ,        12.90,                   909064.75,70857
,VIKASECO,EQ,        20.35,                 14982496.70,723233
,VIMALOIL,EQ,        63.30,                   681302.00,10494
,VIMTALABS,EQ,        99.55,                 14577110.05,144155
,VINATIORGA,EQ,       464.35,                 14722437.05,31696
,VINDHYATEL,EQ,       840.40,                 12278033.65,14592
,VINYLINDIA,EQ,        63.65,                  2463849.70,38052
,VIPIND,EQ,        99.45,                 33576874.15,333714
,VIPULLTD,EQ,        53.20,                   333349.60,6116
,VISAKAIND,EQ,       122.25,                 13789947.25,111634
,VISASTEEL,EQ,        16.90,                   278924.35,16429
,VISESHINFO,EQ,          .15,                  1929331.30,16898314
,VISHNU,EQ,       402.35,                  9446550.50,23118
,VISUINTL,EQ,         2.30,                     3277.50,1425
,VIVIDHA,EQ,        75.15,                  9246840.45,122542
,VIVIMEDLAB,EQ,       443.05,                 22743323.30,51055
,VKSPL,EQ,          .15,                    38239.05,196199
,VLSFINANCE,EQ,        45.20,                  2181819.10,47422
,VMART,EQ,       584.50,                 19498407.70,32305
,VOLTAMP,EQ,       886.15,                 65448320.85,72592
,VOLTAS,EQ,       307.30,                335696843.20,1083585
,VRLLOG,EQ,       418.45,                 38041895.20,89635
,VSSL,EQ,        57.75,                   141572.15,2452
,VSTIND,EQ,      1700.00,                  1232961.50,725
,VSTTILLERS,EQ,      1399.80,                  2498903.05,1810
,VTL,EQ,       810.80,                  7786622.35,9523
,WABAG,EQ,       680.25,                 28459122.20,41531
,WABCOINDIA,EQ,      6101.40,                 23509299.40,3845
,WALCHANNAG,EQ,       182.70,                182535986.20,987709
,WANBURY,BE,        84.35,                  5433073.10,63982
,WEBELSOLAR,EQ,        47.00,                  2213089.00,47087
,WEIZFOREX,EQ,       216.65,                    78781.05,358
,WEIZMANIND,EQ,        25.35,                   191274.95,7484
,WELCORP,EQ,       109.85,                 58400935.25,527580
,WELENT,EQ,        63.35,                 27258580.65,427896
,WELINV,EQ,        54.00,                    28896.20,539
,WELSPUNIND,EQ,       882.35,                105350559.50,118476
,WELSYNTEX,EQ,       147.35,                  6455150.70,43431
,WENDT,EQ,      1970.85,                   783396.15,391
,WHEELS,EQ,      1087.55,                  2300355.45,2093
,WHIRLPOOL,EQ,       652.10,                 14607396.30,22485
,WILLAMAGOR,EQ,        76.35,                   297551.00,3837
,WINDMACHIN,EQ,        49.25,                  8972683.80,178997
,WINSOME,EQ,          .80,                    24362.00,30515
,WOCKPHARMA,EQ,      1578.40,               2178157122.80,1368153
,WONDERLA,EQ,       396.40,                 32765158.75,82133
,WSI,EQ,        11.75,                     1996.00,170
,WSTCSTPAPR,EQ,        72.10,                  9046671.20,124948
,XCHANGING,EQ,        59.10,                  5968808.30,98476
,XLENERGY,EQ,         3.95,                    11142.95,2821
,XPROINDIA,EQ,        59.50,                  2046182.35,33816
,ZANDUREALT,EQ,      1534.15,                  5874608.30,3795
,ZEEL,P1,          .90,                     8400.85,9334
,ZEELEARN,EQ,        37.85,                  8551364.90,223851
,ZEEMEDIA,EQ,        23.25,                 13134311.60,561458
,ZENITHBIR,EQ,          .90,                    12369.15,13144
,ZENITHCOMP,EQ,         2.80,                     5600.00,2000
,ZENITHEXPO,EQ,        54.00,                     5400.00,100
,ZENSARTECH,EQ,      1065.75,                 28086940.60,26110
,ZENTEC,EQ,       121.05,                 24162453.00,198911
,ZICOM,EQ,       130.25,                  6201429.75,47011
,ZODIACLOTH,EQ,       273.00,                   597525.30,2247
,ZUARI,EQ,       157.70,                 13531008.10,85165
,ZUARIGLOB,EQ,       113.35,                 10434615.50,91764
,ZYDUSWELL,EQ,       858.10,                  2816152.90,3269
,ZYLOG,EQ,         4.65,                   321291.75,69095
